-9.318294060820784264e-01,-4.610875083987582279e+00,-8.703221126047285594e+00,2.198165223839911309e-01,3.938830045036957328e-01,1.165415076270654993e-01,-8.434395759308079832e-01
-8.472452269691681526e-01,-1.567054586043896691e+00,-6.057087494654331827e+00,8.244750884983924610e-01,7.547390102698647851e-01,7.600694211740474104e-01,-7.655941148855395229e-01
2.980243210791619912e-01,4.340179262244674874e+00,-1.213963931702877197e+00,8.792729718107902270e-01,2.135824421634612835e-01,1.027228955319455794e-01,-7.144305317329916472e-01
1.224453835203291874e-01,8.269010340597674258e+00,7.469364575619518831e+00,3.850761318040148429e-01,1.922558111350183285e-01,8.141360884874937476e-01,-5.704206164351289798e-01
8.227118258357495328e-01,1.558877293147531429e+00,2.759568769051552461e+00,2.807733372553387619e-01,2.433127537124668560e-01,8.772838291156564994e-01,-4.800245947631424093e-01
-1.785738005194393851e-01,9.194243239264306311e+00,7.535167797089199482e+00,4.760532910700413511e-01,8.688998759128403471e-01,9.095899994740014316e-01,-3.719357997899087054e-01
5.973153758751836850e-01,8.902233853308039180e-01,-2.511834142985293283e+00,5.462303264417922577e-02,4.064628499214372748e-01,4.737306893805725005e-01,-3.593034824534251381e-01
4.475997348146241173e-01,4.414896567733834765e+00,-4.162204213174993228e+00,2.122474823045915615e-01,4.882332022901621493e-01,1.688969385108456400e-01,-3.364380183917413669e-01
-9.362217259047113105e-01,-7.735813698150114881e+00,-9.291158057116442492e+00,8.882328919576173432e-01,1.907865749329228366e-01,4.784687342945084243e-01,-3.137492874149812039e-01
-9.292923230909072574e-01,-7.058241731350548775e+00,-2.499949845220398537e+00,5.973520267421897900e-01,9.640884646844861683e-01,3.065623681931169964e-01,-1.282655353557562161e-01
2.980243210791619912e-01,-4.610875083987582279e+00,-1.213963931702877197e+00,2.198165223839911309e-01,7.547390102698647851e-01,7.600694211740474104e-01,-1.860119231270634499e+00
-9.318294060820784264e-01,-4.610875083987582279e+00,-8.703221126047285594e+00,2.198165223839911309e-01,3.938830045036957328e-01,1.165415076270654993e-01,-8.434395759308079832e-01
-9.318294060820784264e-01,-4.610875083987582279e+00,-8.703221126047285594e+00,2.198165223839911309e-01,3.938830045036957328e-01,1.165415076270654993e-01,-8.434395759308079832e-01
-8.472452269691681526e-01,-4.610875083987582279e+00,-6.057087494654331827e+00,3.850761318040148429e-01,7.547390102698647851e-01,8.141360884874937476e-01,-7.655941352126603983e-01
-8.472452269691681526e-01,-1.567054586043896691e+00,-6.057087494654331827e+00,8.244750884983924610e-01,7.547390102698647851e-01,7.600694211740474104e-01,-7.655941148855395229e-01
2.980243210791619912e-01,4.340179262244674874e+00,-6.057087494654331827e+00,8.792729718107902270e-01,7.547390102698647851e-01,8.772838291156564994e-01,-7.144305470378140566e-01
2.980243210791619912e-01,4.340179262244674874e+00,-1.213963931702877197e+00,8.792729718107902270e-01,2.135824421634612835e-01,1.027228955319455794e-01,-7.144305317329916472e-01
1.224453835203291874e-01,8.269010340597674258e+00,7.469364575619518831e+00,3.850761318040148429e-01,1.922558111350183285e-01,8.141360884874937476e-01,-5.704206164351289798e-01
8.227118258357495328e-01,1.558877293147531429e+00,2.759568769051552461e+00,2.807733372553387619e-01,2.433127537124668560e-01,8.772838291156564994e-01,-4.800245947631424093e-01
-8.472452269691681526e-01,-1.567054586043896691e+00,-6.057087494654331827e+00,2.198165223839911309e-01,7.547390102698647851e-01,1.165415076270654993e-01,-4.223027735467914656e-01
2.980243210791619912e-01,-4.610875083987582279e+00,-1.213963931702877197e+00,2.198165223839911309e-01,3.938830045036957328e-01,7.600694211740474104e-01,-1.861285270519394741e+00
2.980243210791619912e-01,-4.610875083987582279e+00,-1.213963931702877197e+00,2.198165223839911309e-01,7.547390102698647851e-01,7.600694211740474104e-01,-1.860119231270634499e+00
2.980243210791619912e-01,-4.610875083987582279e+00,-1.213963931702877197e+00,2.198165223839911309e-01,7.547390102698647851e-01,7.600694211740474104e-01,-1.860119231270634499e+00
2.980243210791619912e-01,-4.610875083987582279e+00,-1.213963931702877197e+00,2.198165223839911309e-01,7.547390102698647851e-01,7.600694211740474104e-01,-1.860119231270634499e+00
-9.387878680119630115e-01,-4.608706838856488908e+00,-8.704053554454976194e+00,2.042807643543272378e-01,3.499719524809686844e-01,1.424749050519975579e-01,-1.173586881303849250e+00
-9.318294060820784264e-01,-4.610875083987582279e+00,-1.213963931702877197e+00,2.198165223839911309e-01,3.938830045036957328e-01,7.600694211740474104e-01,-1.099089577270824458e+00
-9.318294060820784264e-01,-4.610875083987582279e+00,-8.703221126047285594e+00,2.198165223839911309e-01,3.938830045036957328e-01,1.165415076270654993e-01,-8.434395759308079832e-01
-8.472452269691681526e-01,-4.610875083987582279e+00,-6.057087494654331827e+00,3.850761318040148429e-01,7.547390102698647851e-01,8.141360884874937476e-01,-7.655941352126603983e-01
-8.472452269691681526e-01,-1.567054586043896691e+00,-6.057087494654331827e+00,8.244750884983924610e-01,7.547390102698647851e-01,7.600694211740474104e-01,-7.655941148855395229e-01
2.980243210791619912e-01,-4.610875083987582279e+00,-8.703221126047285594e+00,2.198165223839911309e-01,7.547390102698647851e-01,7.600694211740474104e-01,-9.868611840245086753e-02
2.984687988832732120e-01,-4.610884818738253621e+00,-1.214081729889801009e+00,1.973360006277834200e-01,7.547137976903441903e-01,7.588520842445702907e-01,-1.931939003243376085e+00
2.980243210791619912e-01,-4.610875083987582279e+00,-1.213963931702877197e+00,2.042807643543272378e-01,7.547390102698647851e-01,7.600694211740474104e-01,-1.911119241478614672e+00
2.980243210791619912e-01,-4.610875083987582279e+00,-1.213963931702877197e+00,2.198165223839911309e-01,3.938830045036957328e-01,7.600694211740474104e-01,-1.861285270519394741e+00
2.980243210791619912e-01,-4.610875083987582279e+00,-1.213963931702877197e+00,2.198165223839911309e-01,3.938830045036957328e-01,7.600694211740474104e-01,-1.861285270519394741e+00
2.980243210791619912e-01,-4.610875083987582279e+00,-1.213963931702877197e+00,2.198165223839911309e-01,3.938830045036957328e-01,7.600694211740474104e-01,-1.861285270519394741e+00
2.980243210791619912e-01,-4.610875083987582279e+00,-1.213963931702877197e+00,2.198165223839911309e-01,7.547390102698647851e-01,7.600694211740474104e-01,-1.860119231270634499e+00
2.980243210791619912e-01,-4.610875083987582279e+00,-1.213963931702877197e+00,2.198165223839911309e-01,7.547390102698647851e-01,7.600694211740474104e-01,-1.860119231270634499e+00
2.980243210791619912e-01,-4.610875083987582279e+00,-1.213963931702877197e+00,2.198165223839911309e-01,7.547390102698647851e-01,7.600694211740474104e-01,-1.860119231270634499e+00
-9.387878680119630115e-01,-4.608706838856488908e+00,-8.704053554454976194e+00,2.042807643543272378e-01,3.499719524809686844e-01,1.424749050519975579e-01,-1.173586881303849250e+00
2.980243210791619912e-01,-4.610875083987582279e+00,-8.704053554454976194e+00,2.198165223839911309e-01,7.547390102698647851e-01,7.600694211740474104e-01,-9.868611729605435146e-02
2.984090648014636193e-01,-4.610875405083958434e+00,-1.214069664424693329e+00,1.973694705633113888e-01,3.938814542178724620e-01,7.589726386272049874e-01,-1.932325902589552280e+00
2.984687988832732120e-01,-4.610884818738253621e+00,-1.214081729889801009e+00,1.973360006277834200e-01,7.547137976903441903e-01,7.588520842445702907e-01,-1.931939003243376085e+00
2.980243210791619912e-01,-4.610884818738253621e+00,-1.213963931702877197e+00,2.042807643543272378e-01,7.547137976903441903e-01,7.588520842445702907e-01,-1.913418549315154316e+00
2.980243210791619912e-01,-4.610875083987582279e+00,-1.214081729889801009e+00,2.042807643543272378e-01,7.547137976903441903e-01,7.600694211740474104e-01,-1.911148842294723815e+00
2.980243210791619912e-01,-4.610875083987582279e+00,-1.213963931702877197e+00,2.042807643543272378e-01,7.547390102698647851e-01,7.600694211740474104e-01,-1.911119241478614672e+00
2.980243210791619912e-01,-4.610884818738253621e+00,-1.213963931702877197e+00,2.198165223839911309e-01,7.547137976903441903e-01,7.588520842445702907e-01,-1.865517111885607093e+00
2.980243210791619912e-01,-4.610875083987582279e+00,-1.213963931702877197e+00,2.198165223839911309e-01,3.938830045036957328e-01,7.600694211740474104e-01,-1.861285270519394741e+00
2.980243210791619912e-01,-4.610875083987582279e+00,-1.213963931702877197e+00,2.198165223839911309e-01,3.938830045036957328e-01,7.600694211740474104e-01,-1.861285270519394741e+00
2.980243210791619912e-01,-4.610884818738253621e+00,-1.214081729889801009e+00,2.198165223839911309e-01,7.547390102698647851e-01,7.600694211740474104e-01,-1.860177389967462958e+00
2.980243210791619912e-01,-4.610875083987582279e+00,-1.213963931702877197e+00,2.198165223839911309e-01,7.547137976903441903e-01,7.600694211740474104e-01,-1.860119527344365586e+00
2.984090648014636193e-01,-4.610875405083958434e+00,-1.214069664424693329e+00,1.973694705633113888e-01,3.938814542178724620e-01,7.589726386272049874e-01,-1.932325902589552280e+00
2.980243210791619912e-01,-4.610875083987582279e+00,-1.214069664424693329e+00,1.973360006277834200e-01,7.547137976903441903e-01,7.588520842445702907e-01,-1.932000689809592497e+00
2.984687988832732120e-01,-4.610884818738253621e+00,-1.214081729889801009e+00,1.973360006277834200e-01,7.547137976903441903e-01,7.588520842445702907e-01,-1.931939003243376085e+00
2.980243210791619912e-01,-4.610875083987582279e+00,-1.214081729889801009e+00,1.973694705633113888e-01,7.547390102698647851e-01,7.589726386272049874e-01,-1.931928150153445101e+00
2.984687988832732120e-01,-4.610875083987582279e+00,-1.213963931702877197e+00,1.973360006277834200e-01,7.547137976903441903e-01,7.600694211740474104e-01,-1.931614947627262158e+00
2.984687988832732120e-01,-4.610875405083958434e+00,-1.214081729889801009e+00,1.973694705633113888e-01,7.547137976903441903e-01,7.600694211740474104e-01,-1.931534202877713380e+00
2.984090648014636193e-01,-4.610875083987582279e+00,-1.214069664424693329e+00,2.042807643543272378e-01,7.547390102698647851e-01,7.588520842445702907e-01,-1.913640861531603621e+00
2.980243210791619912e-01,-4.610884818738253621e+00,-1.213963931702877197e+00,2.042807643543272378e-01,7.547137976903441903e-01,7.588520842445702907e-01,-1.913418549315154316e+00
2.980243210791619912e-01,-4.610875083987582279e+00,-1.214081729889801009e+00,2.042807643543272378e-01,7.547137976903441903e-01,7.600694211740474104e-01,-1.911148842294723815e+00
2.980243210791619912e-01,-4.610875083987582279e+00,-1.213963931702877197e+00,2.042807643543272378e-01,7.547390102698647851e-01,7.600694211740474104e-01,-1.911119241478614672e+00
2.984090648014636193e-01,-4.610875405083958434e+00,-1.214069664424693329e+00,1.973694705633113888e-01,3.938814542178724620e-01,7.589726386272049874e-01,-1.932325902589552280e+00
2.984090648014636193e-01,-4.610875083987582279e+00,-1.213963931702877197e+00,1.973694705633113888e-01,3.938814542178724620e-01,7.588520842445702907e-01,-1.932274725240438862e+00
2.980243210791619912e-01,-4.610875083987582279e+00,-1.214069664424693329e+00,1.973360006277834200e-01,7.547137976903441903e-01,7.588520842445702907e-01,-1.932000689809592497e+00
2.984090648014636193e-01,-4.610875083987582279e+00,-1.214081729889801009e+00,1.973360006277834200e-01,7.547390102698647851e-01,7.589726386272049874e-01,-1.931987336382448461e+00
2.984687988832732120e-01,-4.610875405083958434e+00,-1.213963931702877197e+00,1.973360006277834200e-01,7.547390102698647851e-01,7.589726386272049874e-01,-1.931983121207896170e+00
2.984687988832732120e-01,-4.610884818738253621e+00,-1.214081729889801009e+00,1.973360006277834200e-01,7.547137976903441903e-01,7.588520842445702907e-01,-1.931939003243376085e+00
2.980243210791619912e-01,-4.610875083987582279e+00,-1.214081729889801009e+00,1.973694705633113888e-01,7.547137976903441903e-01,7.589726386272049874e-01,-1.931928221305041715e+00
2.980243210791619912e-01,-4.610875083987582279e+00,-1.214081729889801009e+00,1.973694705633113888e-01,7.547390102698647851e-01,7.589726386272049874e-01,-1.931928150153445101e+00
2.984687988832732120e-01,-4.610875083987582279e+00,-1.214081729889801009e+00,1.973360006277834200e-01,7.547390102698647851e-01,7.600694211740474104e-01,-1.931625701255112348e+00
2.984687988832732120e-01,-4.610875083987582279e+00,-1.213963931702877197e+00,1.973360006277834200e-01,7.547137976903441903e-01,7.600694211740474104e-01,-1.931614947627262158e+00
2.984090648014636193e-01,-4.610875083987582279e+00,-1.213963931702877197e+00,1.973360006277834200e-01,3.938814542178724620e-01,7.589726386272049874e-01,-1.932413096504163930e+00
2.984090648014636193e-01,-4.610875405083958434e+00,-1.213963931702877197e+00,1.973694705633113888e-01,3.938814542178724620e-01,7.589726386272049874e-01,-1.932330109062108114e+00
2.984090648014636193e-01,-4.610875405083958434e+00,-1.214069664424693329e+00,1.973694705633113888e-01,3.938814542178724620e-01,7.589726386272049874e-01,-1.932325902589552280e+00
2.984090648014636193e-01,-4.610875083987582279e+00,-1.213963931702877197e+00,1.973694705633113888e-01,3.938814542178724620e-01,7.588520842445702907e-01,-1.932274725240438862e+00
2.980243210791619912e-01,-4.610875083987582279e+00,-1.214069664424693329e+00,1.973360006277834200e-01,7.547137976903441903e-01,7.588520842445702907e-01,-1.932000689809592497e+00
2.984090648014636193e-01,-4.610875405083958434e+00,-1.213963931702877197e+00,1.973360006277834200e-01,7.547390102698647851e-01,7.589726386272049874e-01,-1.931990120468894512e+00
2.984090648014636193e-01,-4.610875083987582279e+00,-1.214081729889801009e+00,1.973360006277834200e-01,7.547390102698647851e-01,7.589726386272049874e-01,-1.931987336382448461e+00
2.984687988832732120e-01,-4.610875083987582279e+00,-1.213963931702877197e+00,1.973360006277834200e-01,7.547137976903441903e-01,7.589726386272049874e-01,-1.931983181049337750e+00
2.984687988832732120e-01,-4.610875405083958434e+00,-1.213963931702877197e+00,1.973360006277834200e-01,7.547390102698647851e-01,7.589726386272049874e-01,-1.931983121207896170e+00
2.984090648014636193e-01,-4.610875405083958434e+00,-1.213963931702877197e+00,1.973694705633113888e-01,7.547390102698647851e-01,7.588520842445702907e-01,-1.931871202356906236e+00
2.984090648014636193e-01,-4.610875083987582279e+00,-1.213963931702877197e+00,1.973360006277834200e-01,3.938814542178724620e-01,7.589726386272049874e-01,-1.932413096504163930e+00
2.984090648014636193e-01,-4.610875083987582279e+00,-1.214069664424693329e+00,1.973360006277834200e-01,3.938814542178724620e-01,7.589726386272049874e-01,-1.932408812536158926e+00
2.984090648014636193e-01,-4.610875405083958434e+00,-1.213963931702877197e+00,1.973360006277834200e-01,3.938814542178724620e-01,7.588520842445702907e-01,-1.932356825134913247e+00
2.984090648014636193e-01,-4.610875405083958434e+00,-1.213963931702877197e+00,1.973694705633113888e-01,3.938814542178724620e-01,7.589726386272049874e-01,-1.932330109062108114e+00
2.984090648014636193e-01,-4.610875405083958434e+00,-1.213963931702877197e+00,1.973694705633113888e-01,3.938814542178724620e-01,7.589726386272049874e-01,-1.932330109062108114e+00
2.984090648014636193e-01,-4.610875083987582279e+00,-1.213963931702877197e+00,1.973694705633113888e-01,3.938814542178724620e-01,7.589726386272049874e-01,-1.932330109050665268e+00
2.984090648014636193e-01,-4.610875405083958434e+00,-1.214069664424693329e+00,1.973694705633113888e-01,3.938814542178724620e-01,7.589726386272049874e-01,-1.932325902589552280e+00
2.984090648014636193e-01,-4.610875083987582279e+00,-1.213963931702877197e+00,1.973694705633113888e-01,3.938814542178724620e-01,7.588520842445702907e-01,-1.932274725240438862e+00
2.980243210791619912e-01,-4.610875083987582279e+00,-1.214069664424693329e+00,1.973360006277834200e-01,7.547137976903441903e-01,7.588520842445702907e-01,-1.932000689809592497e+00
2.984090648014636193e-01,-4.610875405083958434e+00,-1.214069664424693329e+00,1.973694705633113888e-01,7.547137976903441903e-01,7.589726386272049874e-01,-1.931903690147796615e+00
2.974004164506995895e-01,-4.610875590696236870e+00,-1.213758420119877224e+00,1.845994871412686422e-01,3.938805660821529386e-01,7.610032923576551811e-01,-1.964729903969063107e+00
2.984090648014636193e-01,-4.610875405083958434e+00,-1.213963931702877197e+00,1.973360006277834200e-01,3.938814542178724620e-01,7.589726386272049874e-01,-1.932413096515598339e+00
2.984090648014636193e-01,-4.610875405083958434e+00,-1.213963931702877197e+00,1.973360006277834200e-01,3.938814542178724620e-01,7.589726386272049874e-01,-1.932413096515598339e+00
2.984090648014636193e-01,-4.610875405083958434e+00,-1.213963931702877197e+00,1.973360006277834200e-01,3.938814542178724620e-01,7.589726386272049874e-01,-1.932413096515598339e+00
2.984090648014636193e-01,-4.610875083987582279e+00,-1.213963931702877197e+00,1.973360006277834200e-01,3.938814542178724620e-01,7.589726386272049874e-01,-1.932413096504163930e+00
2.984090648014636193e-01,-4.610875083987582279e+00,-1.213963931702877197e+00,1.973360006277834200e-01,3.938814542178724620e-01,7.589726386272049874e-01,-1.932413096504163930e+00
2.984090648014636193e-01,-4.610875083987582279e+00,-1.214069664424693329e+00,1.973360006277834200e-01,3.938814542178724620e-01,7.589726386272049874e-01,-1.932408812536158926e+00
2.984090648014636193e-01,-4.610875405083958434e+00,-1.213963931702877197e+00,1.973360006277834200e-01,3.938814542178724620e-01,7.588520842445702907e-01,-1.932356825134913247e+00
2.984090648014636193e-01,-4.610875405083958434e+00,-1.213963931702877197e+00,1.973694705633113888e-01,3.938814542178724620e-01,7.589726386272049874e-01,-1.932330109062108114e+00
2.984090648014636193e-01,-4.610875405083958434e+00,-1.213963931702877197e+00,1.973694705633113888e-01,3.938814542178724620e-01,7.589726386272049874e-01,-1.932330109062108114e+00
2.969205421974904224e-01,-4.610875679042546693e+00,-1.213662686623944609e+00,1.786140801776652798e-01,3.938801435417805252e-01,7.619459308299583178e-01,-1.979681426332422500e+00
2.974004164506995895e-01,-4.610875590696236870e+00,-1.213758420119877224e+00,1.845994871412686422e-01,3.938805660821529386e-01,7.610032923576551811e-01,-1.964729903969063107e+00
2.984090648014636193e-01,-4.610875405083958434e+00,-1.213963931702877197e+00,1.845994871412686422e-01,3.938814542178724620e-01,7.589726386272049874e-01,-1.959872892082890505e+00
2.984090648014636193e-01,-4.610875405083958434e+00,-1.213963931702877197e+00,1.845994871412686422e-01,3.938814542178724620e-01,7.589726386272049874e-01,-1.959872892082890505e+00
2.984090648014636193e-01,-4.610875405083958434e+00,-1.213963931702877197e+00,1.845994871412686422e-01,3.938814542178724620e-01,7.589726386272049874e-01,-1.959872892082890505e+00
2.984090648014636193e-01,-4.610875405083958434e+00,-1.213758420119877224e+00,1.973360006277834200e-01,3.938814542178724620e-01,7.589726386272049874e-01,-1.932421073201718187e+00
2.984090648014636193e-01,-4.610875405083958434e+00,-1.213963931702877197e+00,1.973360006277834200e-01,3.938814542178724620e-01,7.589726386272049874e-01,-1.932413096515598339e+00
2.984090648014636193e-01,-4.610875405083958434e+00,-1.213963931702877197e+00,1.973360006277834200e-01,3.938814542178724620e-01,7.589726386272049874e-01,-1.932413096515598339e+00
2.984090648014636193e-01,-4.610875083987582279e+00,-1.213963931702877197e+00,1.973360006277834200e-01,3.938814542178724620e-01,7.589726386272049874e-01,-1.932413096504163930e+00
2.974004164506995895e-01,-4.610875405083958434e+00,-1.213758420119877224e+00,1.973360006277834200e-01,3.938814542178724620e-01,7.610032923576551811e-01,-1.929934389944227835e+00
2.960459584741625405e-01,-4.610875655951060637e+00,-1.213495019389974949e+00,1.678548883092857158e-01,3.938802600267861664e-01,7.636170839910478847e-01,-2.006047738455445373e+00
2.969205421974904224e-01,-4.610875679042546693e+00,-1.213662686623944609e+00,1.786140801776652798e-01,3.938801435417805252e-01,7.619459308299583178e-01,-1.979681426332422500e+00
2.984090648014636193e-01,-4.610875405083958434e+00,-1.213963931702877197e+00,1.786140801776652798e-01,3.938814542178724620e-01,7.589726386272049874e-01,-1.969623947102459471e+00
2.974004164506995895e-01,-4.610875590696236870e+00,-1.213662686623944609e+00,1.845994871412686422e-01,3.938801435417805252e-01,7.610032923576551811e-01,-1.964733594825460505e+00
2.974004164506995895e-01,-4.610875590696236870e+00,-1.213758420119877224e+00,1.845994871412686422e-01,3.938805660821529386e-01,7.610032923576551811e-01,-1.964729903969063107e+00
2.969205421974904224e-01,-4.610875405083958434e+00,-1.213662686623944609e+00,1.845994871412686422e-01,3.938801435417805252e-01,7.589726386272049874e-01,-1.962158163698421998e+00
2.984090648014636193e-01,-4.610875679042546693e+00,-1.213758420119877224e+00,1.845994871412686422e-01,3.938801435417805252e-01,7.589726386272049874e-01,-1.959942525397351920e+00
2.984090648014636193e-01,-4.610875405083958434e+00,-1.213963931702877197e+00,1.845994871412686422e-01,3.938805660821529386e-01,7.589726386272049874e-01,-1.959872892179180148e+00
2.984090648014636193e-01,-4.610875405083958434e+00,-1.213963931702877197e+00,1.845994871412686422e-01,3.938814542178724620e-01,7.589726386272049874e-01,-1.959872892082890505e+00
2.984090648014636193e-01,-4.610875405083958434e+00,-1.213963931702877197e+00,1.845994871412686422e-01,3.938814542178724620e-01,7.589726386272049874e-01,-1.959872892082890505e+00
2.960459584741625405e-01,-4.610875655951060637e+00,-1.213495019389974949e+00,1.678548883092857158e-01,3.938802600267861664e-01,7.636170839910478847e-01,-2.006047738455445373e+00
2.960459584741625405e-01,-4.610875590696236870e+00,-1.213963931702877197e+00,1.678548883092857158e-01,3.938814542178724620e-01,7.619459308299583178e-01,-2.003499095232236016e+00
2.984090648014636193e-01,-4.610875590696236870e+00,-1.213963931702877197e+00,1.678548883092857158e-01,3.938802600267861664e-01,7.610032923576551811e-01,-1.994817606869886406e+00
2.969205421974904224e-01,-4.610875679042546693e+00,-1.213662686623944609e+00,1.786140801776652798e-01,3.938801435417805252e-01,7.619459308299583178e-01,-1.979681426332422500e+00
2.974004164506995895e-01,-4.610875590696236870e+00,-1.213662686623944609e+00,1.786140801776652798e-01,3.938802600267861664e-01,7.619459308299583178e-01,-1.979553724271885695e+00
2.984090648014636193e-01,-4.610875590696236870e+00,-1.213495019389974949e+00,1.786140801776652798e-01,3.938814542178724620e-01,7.619459308299583178e-01,-1.979075582710932535e+00
2.984090648014636193e-01,-4.610875405083958434e+00,-1.213963931702877197e+00,1.786140801776652798e-01,3.938814542178724620e-01,7.589726386272049874e-01,-1.969623947102459471e+00
2.974004164506995895e-01,-4.610875590696236870e+00,-1.213662686623944609e+00,1.845994871412686422e-01,3.938801435417805252e-01,7.610032923576551811e-01,-1.964733594825460505e+00
2.974004164506995895e-01,-4.610875590696236870e+00,-1.213758420119877224e+00,1.845994871412686422e-01,3.938805660821529386e-01,7.610032923576551811e-01,-1.964729903969063107e+00
2.984090648014636193e-01,-4.610875679042546693e+00,-1.213495019389974949e+00,1.845994871412686422e-01,3.938802600267861664e-01,7.610032923576551811e-01,-1.964413550828231214e+00
2.960459584741625405e-01,-4.610875655951060637e+00,-1.213495019389974949e+00,1.678548883092857158e-01,3.938802600267861664e-01,7.636170839910478847e-01,-2.006047738455445373e+00
2.960459584741625405e-01,-4.610875655951060637e+00,-1.213963931702877197e+00,1.678548883092857158e-01,3.938802600267861664e-01,7.636170839910478847e-01,-2.006028965111983808e+00
2.960459584741625405e-01,-4.610875590696236870e+00,-1.213963931702877197e+00,1.678548883092857158e-01,3.938802600267861664e-01,7.619459308299583178e-01,-2.003499095388126872e+00
2.960459584741625405e-01,-4.610875590696236870e+00,-1.213963931702877197e+00,1.678548883092857158e-01,3.938814542178724620e-01,7.619459308299583178e-01,-2.003499095232236016e+00
2.984090648014636193e-01,-4.610875590696236870e+00,-1.213495019389974949e+00,1.678548883092857158e-01,3.938802600267861664e-01,7.610032923576551811e-01,-1.995067982102156412e+00
2.984090648014636193e-01,-4.610875590696236870e+00,-1.213963931702877197e+00,1.678548883092857158e-01,3.938802600267861664e-01,7.610032923576551811e-01,-1.994817606869886406e+00
2.960459584741625405e-01,-4.610875590696236870e+00,-1.213963931702877197e+00,1.786140801776652798e-01,3.938814542178724620e-01,7.619459308299583178e-01,-1.979735729889881446e+00
2.960459584741625405e-01,-4.610875679042546693e+00,-1.213495019389974949e+00,1.786140801776652798e-01,3.938802600267861664e-01,7.619459308299583178e-01,-1.979728885530256388e+00
2.969205421974904224e-01,-4.610875679042546693e+00,-1.213662686623944609e+00,1.786140801776652798e-01,3.938801435417805252e-01,7.619459308299583178e-01,-1.979681426332422500e+00
2.974004164506995895e-01,-4.610875590696236870e+00,-1.213662686623944609e+00,1.786140801776652798e-01,3.938802600267861664e-01,7.619459308299583178e-01,-1.979553724271885695e+00
2.960459584741625405e-01,-4.610875655951060637e+00,-1.213495019389974949e+00,1.678548883092857158e-01,3.938802600267861664e-01,7.636170839910478847e-01,-2.006047738455445373e+00
2.960459584741625405e-01,-4.610875655951060637e+00,-1.213495019389974949e+00,1.678548883092857158e-01,3.938814542178724620e-01,7.636170839910478847e-01,-2.006047738248891932e+00
2.960459584741625405e-01,-4.610875655951060637e+00,-1.213963931702877197e+00,1.678548883092857158e-01,3.938802600267861664e-01,7.636170839910478847e-01,-2.006028965111983808e+00
2.960459584741625405e-01,-4.610875590696236870e+00,-1.213963931702877197e+00,1.678548883092857158e-01,3.938802600267861664e-01,7.636170839910478847e-01,-2.006028965109635021e+00
2.960459584741625405e-01,-4.610875590696236870e+00,-1.213495019389974949e+00,1.678548883092857158e-01,3.938802600267861664e-01,7.619459308299583178e-01,-2.003619990411846796e+00
2.960459584741625405e-01,-4.610875590696236870e+00,-1.213963931702877197e+00,1.678548883092857158e-01,3.938802600267861664e-01,7.619459308299583178e-01,-2.003499095388126872e+00
2.960459584741625405e-01,-4.610875590696236870e+00,-1.213963931702877197e+00,1.678548883092857158e-01,3.938802600267861664e-01,7.619459308299583178e-01,-2.003499095388126872e+00
2.960459584741625405e-01,-4.610875590696236870e+00,-1.213963931702877197e+00,1.678548883092857158e-01,3.938814542178724620e-01,7.619459308299583178e-01,-2.003499095232236016e+00
2.960459584741625405e-01,-4.610875590696236870e+00,-1.213963931702877197e+00,1.678548883092857158e-01,3.938802600267861664e-01,7.610032923576551811e-01,-2.000484350312938808e+00
2.984090648014636193e-01,-4.610875590696236870e+00,-1.213495019389974949e+00,1.678548883092857158e-01,3.938802600267861664e-01,7.610032923576551811e-01,-1.995067982102156412e+00
2.960459584741625405e-01,-4.610875655951060637e+00,-1.213495019389974949e+00,1.678548883092857158e-01,3.938802600267861664e-01,7.636170839910478847e-01,-2.006047738455445373e+00
2.960459584741625405e-01,-4.610875655951060637e+00,-1.213495019389974949e+00,1.678548883092857158e-01,3.938802600267861664e-01,7.636170839910478847e-01,-2.006047738455445373e+00
2.960459584741625405e-01,-4.610875655951060637e+00,-1.213495019389974949e+00,1.678548883092857158e-01,3.938802600267861664e-01,7.636170839910478847e-01,-2.006047738455445373e+00
2.960459584741625405e-01,-4.610875590696236870e+00,-1.213495019389974949e+00,1.678548883092857158e-01,3.938802600267861664e-01,7.636170839910478847e-01,-2.006047738453084150e+00
2.960459584741625405e-01,-4.610875655951060637e+00,-1.213495019389974949e+00,1.678548883092857158e-01,3.938814542178724620e-01,7.636170839910478847e-01,-2.006047738248891932e+00
2.960459584741625405e-01,-4.610875655951060637e+00,-1.213963931702877197e+00,1.678548883092857158e-01,3.938802600267861664e-01,7.636170839910478847e-01,-2.006028965111983808e+00
2.960459584741625405e-01,-4.610875590696236870e+00,-1.213963931702877197e+00,1.678548883092857158e-01,3.938802600267861664e-01,7.636170839910478847e-01,-2.006028965109635021e+00
2.960459584741625405e-01,-4.610875590696236870e+00,-1.213495019389974949e+00,1.678548883092857158e-01,3.938802600267861664e-01,7.619459308299583178e-01,-2.003619990411846796e+00
2.960459584741625405e-01,-4.610875590696236870e+00,-1.213495019389974949e+00,1.678548883092857158e-01,3.938802600267861664e-01,7.619459308299583178e-01,-2.003619990411846796e+00
2.960459584741625405e-01,-4.610875655951060637e+00,-1.213963931702877197e+00,1.678548883092857158e-01,3.938802600267861664e-01,7.619459308299583178e-01,-2.003499095389992490e+00
2.948187635768044768e-01,-4.610875893172345918e+00,-1.213261353228914263e+00,1.528891357782861116e-01,3.938791266789332113e-01,7.658969886566600049e-01,-2.041292965707889984e+00
2.960459584741625405e-01,-4.610875655951060637e+00,-1.213495019389974949e+00,1.678548883092857158e-01,3.938802600267861664e-01,7.636170839910478847e-01,-2.006047738455445373e+00
2.960459584741625405e-01,-4.610875655951060637e+00,-1.213495019389974949e+00,1.678548883092857158e-01,3.938802600267861664e-01,7.636170839910478847e-01,-2.006047738455445373e+00
2.960459584741625405e-01,-4.610875655951060637e+00,-1.213495019389974949e+00,1.678548883092857158e-01,3.938802600267861664e-01,7.636170839910478847e-01,-2.006047738455445373e+00
2.960459584741625405e-01,-4.610875655951060637e+00,-1.213495019389974949e+00,1.678548883092857158e-01,3.938802600267861664e-01,7.636170839910478847e-01,-2.006047738455445373e+00
2.960459584741625405e-01,-4.610875655951060637e+00,-1.213495019389974949e+00,1.678548883092857158e-01,3.938802600267861664e-01,7.636170839910478847e-01,-2.006047738455445373e+00
2.960459584741625405e-01,-4.610875655951060637e+00,-1.213495019389974949e+00,1.678548883092857158e-01,3.938802600267861664e-01,7.636170839910478847e-01,-2.006047738455445373e+00
2.960459584741625405e-01,-4.610875590696236870e+00,-1.213495019389974949e+00,1.678548883092857158e-01,3.938802600267861664e-01,7.636170839910478847e-01,-2.006047738453084150e+00
2.960459584741625405e-01,-4.610875655951060637e+00,-1.213495019389974949e+00,1.678548883092857158e-01,3.938814542178724620e-01,7.636170839910478847e-01,-2.006047738248891932e+00
2.960459584741625405e-01,-4.610875590696236870e+00,-1.213495019389974949e+00,1.678548883092857158e-01,3.938814542178724620e-01,7.636170839910478847e-01,-2.006047738246530265e+00
2.944413526083566879e-01,-4.610875968323575158e+00,-1.213190976929490628e+00,1.483298036900877470e-01,3.938787678493248512e-01,7.665804940439070458e-01,-2.051617968654093627e+00
2.948187635768044768e-01,-4.610875893172345918e+00,-1.213261353228914263e+00,1.528891357782861116e-01,3.938791266789332113e-01,7.658969886566600049e-01,-2.041292965707889984e+00
2.960459584741625405e-01,-4.610875893172345918e+00,-1.213495019389974949e+00,1.678548883092857158e-01,3.938791266789332113e-01,7.636170839910478847e-01,-2.006047738660057700e+00
2.960459584741625405e-01,-4.610875655951060637e+00,-1.213495019389974949e+00,1.678548883092857158e-01,3.938802600267861664e-01,7.636170839910478847e-01,-2.006047738455445373e+00
2.960459584741625405e-01,-4.610875655951060637e+00,-1.213495019389974949e+00,1.678548883092857158e-01,3.938802600267861664e-01,7.636170839910478847e-01,-2.006047738455445373e+00
2.960459584741625405e-01,-4.610875655951060637e+00,-1.213495019389974949e+00,1.678548883092857158e-01,3.938802600267861664e-01,7.636170839910478847e-01,-2.006047738455445373e+00
2.960459584741625405e-01,-4.610875655951060637e+00,-1.213495019389974949e+00,1.678548883092857158e-01,3.938802600267861664e-01,7.636170839910478847e-01,-2.006047738455445373e+00
2.960459584741625405e-01,-4.610875655951060637e+00,-1.213495019389974949e+00,1.678548883092857158e-01,3.938802600267861664e-01,7.636170839910478847e-01,-2.006047738455445373e+00
2.948187635768044768e-01,-4.610875655951060637e+00,-1.213495019389974949e+00,1.678548883092857158e-01,3.938802600267861664e-01,7.636170839910478847e-01,-2.006019545153781891e+00
2.960459584741625405e-01,-4.610875655951060637e+00,-1.213495019389974949e+00,1.678548883092857158e-01,3.938802600267861664e-01,7.658969886566600049e-01,-2.003523665287902045e+00
2.944413526083566879e-01,-4.610875968323575158e+00,-1.213190976929490628e+00,1.483298036900877470e-01,3.938787678493248512e-01,7.665804940439070458e-01,-2.051617968654093627e+00
2.960459584741625405e-01,-4.610875655951060637e+00,-1.213495019389974949e+00,1.483298036900877470e-01,3.938791266789332113e-01,7.665804940439070458e-01,-2.050738788144399471e+00
2.948187635768044768e-01,-4.610875893172345918e+00,-1.213261353228914263e+00,1.528891357782861116e-01,3.938791266789332113e-01,7.658969886566600049e-01,-2.041292965707889984e+00
2.960459584741625405e-01,-4.610875655951060637e+00,-1.213190976929490628e+00,1.528891357782861116e-01,3.938791266789332113e-01,7.658969886566600049e-01,-2.040775400074165802e+00
2.952116140742703232e-01,-4.610875816148185535e+00,-1.213335338432112387e+00,1.576560089768722084e-01,3.938794945596434394e-01,7.651768068666127132e-01,-2.030277544349513796e+00
2.960459584741625405e-01,-4.610875893172345918e+00,-1.213495019389974949e+00,1.678548883092857158e-01,3.938791266789332113e-01,7.636170839910478847e-01,-2.006047738660057700e+00
2.960459584741625405e-01,-4.610875893172345918e+00,-1.213495019389974949e+00,1.678548883092857158e-01,3.938802600267861664e-01,7.636170839910478847e-01,-2.006047738464030505e+00
2.960459584741625405e-01,-4.610875655951060637e+00,-1.213495019389974949e+00,1.678548883092857158e-01,3.938802600267861664e-01,7.636170839910478847e-01,-2.006047738455445373e+00
2.960459584741625405e-01,-4.610875655951060637e+00,-1.213495019389974949e+00,1.678548883092857158e-01,3.938787678493248512e-01,7.665804940439070458e-01,-2.001474051071351123e+00
2.944413526083566879e-01,-4.610875893172345918e+00,-1.213261353228914263e+00,1.678548883092857158e-01,3.938802600267861664e-01,7.658969886566600049e-01,-2.000927347366078912e+00
2.944413526083566879e-01,-4.610875968323575158e+00,-1.213190976929490628e+00,1.483298036900877470e-01,3.938787678493248512e-01,7.665804940439070458e-01,-2.051617968654093627e+00
2.944413526083566879e-01,-4.610875655951060637e+00,-1.213190976929490628e+00,1.483298036900877470e-01,3.938794945596434394e-01,7.665804940439070458e-01,-2.051617968516916246e+00
2.948187635768044768e-01,-4.610875816148185535e+00,-1.213190976929490628e+00,1.483298036900877470e-01,3.938791266789332113e-01,7.665804940439070458e-01,-2.051520546464860484e+00
2.960459584741625405e-01,-4.610875655951060637e+00,-1.213495019389974949e+00,1.483298036900877470e-01,3.938791266789332113e-01,7.665804940439070458e-01,-2.050738788144399471e+00
2.960459584741625405e-01,-4.610875655951060637e+00,-1.213495019389974949e+00,1.483298036900877470e-01,3.938791266789332113e-01,7.658969886566600049e-01,-2.049282490801606293e+00
2.960459584741625405e-01,-4.610875968323575158e+00,-1.213190976929490628e+00,1.528891357782861116e-01,3.938791266789332113e-01,7.665804940439070458e-01,-2.041305864542297233e+00
2.948187635768044768e-01,-4.610875893172345918e+00,-1.213261353228914263e+00,1.528891357782861116e-01,3.938791266789332113e-01,7.658969886566600049e-01,-2.041292965707889984e+00
2.960459584741625405e-01,-4.610875655951060637e+00,-1.213190976929490628e+00,1.528891357782861116e-01,3.938791266789332113e-01,7.658969886566600049e-01,-2.040775400074165802e+00
2.952116140742703232e-01,-4.610875816148185535e+00,-1.213335338432112387e+00,1.576560089768722084e-01,3.938794945596434394e-01,7.651768068666127132e-01,-2.030277544349513796e+00
2.944413526083566879e-01,-4.610875816148185535e+00,-1.213190976929490628e+00,1.576560089768722084e-01,3.938794945596434394e-01,7.665804940439070458e-01,-2.028643957770490669e+00
2.944413526083566879e-01,-4.610875968323575158e+00,-1.213190976929490628e+00,1.483298036900877470e-01,3.938787678493248512e-01,7.665804940439070458e-01,-2.051617968654093627e+00
2.944413526083566879e-01,-4.610875968323575158e+00,-1.213190976929490628e+00,1.483298036900877470e-01,3.938791266789332113e-01,7.665804940439070458e-01,-2.051617968591954444e+00
2.944413526083566879e-01,-4.610875655951060637e+00,-1.213190976929490628e+00,1.483298036900877470e-01,3.938794945596434394e-01,7.665804940439070458e-01,-2.051617968516916246e+00
2.948187635768044768e-01,-4.610875816148185535e+00,-1.213190976929490628e+00,1.483298036900877470e-01,3.938791266789332113e-01,7.665804940439070458e-01,-2.051520546464860484e+00
2.960459584741625405e-01,-4.610875816148185535e+00,-1.213190976929490628e+00,1.483298036900877470e-01,3.938787678493248512e-01,7.665804940439070458e-01,-2.050788100426078397e+00
2.948187635768044768e-01,-4.610875968323575158e+00,-1.213190976929490628e+00,1.483298036900877470e-01,3.938791266789332113e-01,7.658969886566600049e-01,-2.050754799032838971e+00
2.948187635768044768e-01,-4.610875655951060637e+00,-1.213190976929490628e+00,1.483298036900877470e-01,3.938791266789332113e-01,7.658969886566600049e-01,-2.050754799022834085e+00
2.960459584741625405e-01,-4.610875655951060637e+00,-1.213495019389974949e+00,1.483298036900877470e-01,3.938791266789332113e-01,7.665804940439070458e-01,-2.050738788144399471e+00
2.960459584741625405e-01,-4.610875816148185535e+00,-1.213190976929490628e+00,1.483298036900877470e-01,3.938791266789332113e-01,7.658969886566600049e-01,-2.049362037155171734e+00
2.960459584741625405e-01,-4.610875655951060637e+00,-1.213495019389974949e+00,1.483298036900877470e-01,3.938791266789332113e-01,7.658969886566600049e-01,-2.049282490801606293e+00
2.944413526083566879e-01,-4.610875968323575158e+00,-1.213190976929490628e+00,1.483298036900877470e-01,3.938787678493248512e-01,7.665804940439070458e-01,-2.051617968654093627e+00
2.944413526083566879e-01,-4.610875968323575158e+00,-1.213190976929490628e+00,1.483298036900877470e-01,3.938787678493248512e-01,7.665804940439070458e-01,-2.051617968654093627e+00
2.944413526083566879e-01,-4.610875816148185535e+00,-1.213190976929490628e+00,1.483298036900877470e-01,3.938787678493248512e-01,7.665804940439070458e-01,-2.051617968648573598e+00
2.944413526083566879e-01,-4.610875968323575158e+00,-1.213190976929490628e+00,1.483298036900877470e-01,3.938791266789332113e-01,7.665804940439070458e-01,-2.051617968591954444e+00
2.944413526083566879e-01,-4.610875655951060637e+00,-1.213190976929490628e+00,1.483298036900877470e-01,3.938794945596434394e-01,7.665804940439070458e-01,-2.051617968516916246e+00
2.948187635768044768e-01,-4.610875968323575158e+00,-1.213190976929490628e+00,1.483298036900877470e-01,3.938787678493248512e-01,7.665804940439070458e-01,-2.051520546530217981e+00
2.948187635768044768e-01,-4.610875968323575158e+00,-1.213190976929490628e+00,1.483298036900877470e-01,3.938787678493248512e-01,7.665804940439070458e-01,-2.051520546530217981e+00
2.948187635768044768e-01,-4.610875816148185535e+00,-1.213190976929490628e+00,1.483298036900877470e-01,3.938791266789332113e-01,7.665804940439070458e-01,-2.051520546464860484e+00
2.948187635768044768e-01,-4.610875816148185535e+00,-1.213190976929490628e+00,1.483298036900877470e-01,3.938794945596434394e-01,7.665804940439070458e-01,-2.051520546403335921e+00
2.960459584741625405e-01,-4.610875816148185535e+00,-1.213190976929490628e+00,1.483298036900877470e-01,3.938787678493248512e-01,7.665804940439070458e-01,-2.050788100426078397e+00
2.937305835424702249e-01,-4.610876113473125315e+00,-1.213060251922608801e+00,1.397947285396910211e-01,3.938780750971690447e-01,7.678458744510818779e-01,-2.070325288844969247e+00
2.944413526083566879e-01,-4.610875968323575158e+00,-1.213190976929490628e+00,1.483298036900877470e-01,3.938787678493248512e-01,7.665804940439070458e-01,-2.051617968654093627e+00
2.944413526083566879e-01,-4.610875968323575158e+00,-1.213190976929490628e+00,1.483298036900877470e-01,3.938787678493248512e-01,7.665804940439070458e-01,-2.051617968654093627e+00
2.944413526083566879e-01,-4.610875968323575158e+00,-1.213190976929490628e+00,1.483298036900877470e-01,3.938787678493248512e-01,7.665804940439070458e-01,-2.051617968654093627e+00
2.944413526083566879e-01,-4.610875816148185535e+00,-1.213190976929490628e+00,1.483298036900877470e-01,3.938787678493248512e-01,7.665804940439070458e-01,-2.051617968648573598e+00
2.944413526083566879e-01,-4.610875816148185535e+00,-1.213190976929490628e+00,1.483298036900877470e-01,3.938787678493248512e-01,7.665804940439070458e-01,-2.051617968648573598e+00
2.944413526083566879e-01,-4.610875968323575158e+00,-1.213190976929490628e+00,1.483298036900877470e-01,3.938791266789332113e-01,7.665804940439070458e-01,-2.051617968591954444e+00
2.944413526083566879e-01,-4.610875968323575158e+00,-1.213190976929490628e+00,1.483298036900877470e-01,3.938794945596434394e-01,7.665804940439070458e-01,-2.051617968528248070e+00
2.944413526083566879e-01,-4.610875655951060637e+00,-1.213190976929490628e+00,1.483298036900877470e-01,3.938794945596434394e-01,7.665804940439070458e-01,-2.051617968516916246e+00
2.944413526083566879e-01,-4.610875655951060637e+00,-1.213190976929490628e+00,1.483298036900877470e-01,3.938794945596434394e-01,7.665804940439070458e-01,-2.051617968516916246e+00
2.933961232844690126e-01,-4.610876183681440033e+00,-1.212999535434172715e+00,1.358007850046606957e-01,3.938777401614216300e-01,7.684316013202796558e-01,-2.078771503312928814e+00
2.937305835424702249e-01,-4.610876113473125315e+00,-1.213060251922608801e+00,1.397947285396910211e-01,3.938780750971690447e-01,7.678458744510818779e-01,-2.070325288844969247e+00
2.944413526083566879e-01,-4.610875968323575158e+00,-1.213190976929490628e+00,1.397947285396910211e-01,3.938787678493248512e-01,7.665804940439070458e-01,-2.067699787528977762e+00
2.937305835424702249e-01,-4.610876113473125315e+00,-1.213060251922608801e+00,1.483298036900877470e-01,3.938787678493248512e-01,7.665804940439070458e-01,-2.051635097091689452e+00
2.944413526083566879e-01,-4.610875816148185535e+00,-1.213060251922608801e+00,1.483298036900877470e-01,3.938787678493248512e-01,7.665804940439070458e-01,-2.051622230468427066e+00
2.944413526083566879e-01,-4.610875816148185535e+00,-1.213190976929490628e+00,1.483298036900877470e-01,3.938780750971690447e-01,7.665804940439070458e-01,-2.051617968768538081e+00
2.944413526083566879e-01,-4.610875968323575158e+00,-1.213190976929490628e+00,1.483298036900877470e-01,3.938787678493248512e-01,7.665804940439070458e-01,-2.051617968654093627e+00
2.944413526083566879e-01,-4.610875968323575158e+00,-1.213190976929490628e+00,1.483298036900877470e-01,3.938787678493248512e-01,7.665804940439070458e-01,-2.051617968654093627e+00
2.944413526083566879e-01,-4.610875816148185535e+00,-1.213190976929490628e+00,1.483298036900877470e-01,3.938787678493248512e-01,7.665804940439070458e-01,-2.051617968648573598e+00
2.944413526083566879e-01,-4.610875816148185535e+00,-1.213190976929490628e+00,1.483298036900877470e-01,3.938787678493248512e-01,7.665804940439070458e-01,-2.051617968648573598e+00
2.933961232844690126e-01,-4.610876183681440033e+00,-1.212999535434172715e+00,1.358007850046606957e-01,3.938777401614216300e-01,7.684316013202796558e-01,-2.078771503312928814e+00
2.944413526083566879e-01,-4.610875968323575158e+00,-1.213190976929490628e+00,1.358007850046606957e-01,3.938777401614216300e-01,7.665804940439070458e-01,-2.073413344175833561e+00
2.944413526083566879e-01,-4.610876113473125315e+00,-1.213190976929490628e+00,1.397947285396910211e-01,3.938777401614216300e-01,7.684316013202796558e-01,-2.070358691253823213e+00
2.937305835424702249e-01,-4.610876113473125315e+00,-1.213060251922608801e+00,1.397947285396910211e-01,3.938780750971690447e-01,7.678458744510818779e-01,-2.070325288844969247e+00
2.944413526083566879e-01,-4.610875968323575158e+00,-1.213190976929490628e+00,1.397947285396910211e-01,3.938787678493248512e-01,7.665804940439070458e-01,-2.067699787528977762e+00
2.937305835424702249e-01,-4.610876113473125315e+00,-1.213190976929490628e+00,1.483298036900877470e-01,3.938777401614216300e-01,7.665804940439070458e-01,-2.051638154583214302e+00
2.937305835424702249e-01,-4.610876113473125315e+00,-1.213060251922608801e+00,1.483298036900877470e-01,3.938787678493248512e-01,7.665804940439070458e-01,-2.051635097091689452e+00
2.944413526083566879e-01,-4.610875816148185535e+00,-1.213060251922608801e+00,1.483298036900877470e-01,3.938787678493248512e-01,7.665804940439070458e-01,-2.051622230468427066e+00
2.933961232844690126e-01,-4.610875968323575158e+00,-1.213190976929490628e+00,1.483298036900877470e-01,3.938787678493248512e-01,7.684316013202796558e-01,-2.048258818420515492e+00
2.933961232844690126e-01,-4.610875816148185535e+00,-1.213060251922608801e+00,1.483298036900877470e-01,3.938787678493248512e-01,7.684316013202796558e-01,-2.048217746971585651e+00
2.933961232844690126e-01,-4.610876183681440033e+00,-1.212999535434172715e+00,1.358007850046606957e-01,3.938777401614216300e-01,7.684316013202796558e-01,-2.078771503312928814e+00
2.944413526083566879e-01,-4.610875968323575158e+00,-1.213190976929490628e+00,1.358007850046606957e-01,3.938780750971690447e-01,7.684316013202796558e-01,-2.078311853055911484e+00
2.944413526083566879e-01,-4.610875968323575158e+00,-1.213190976929490628e+00,1.358007850046606957e-01,3.938777401614216300e-01,7.665804940439070458e-01,-2.073413344175833561e+00
2.944413526083566879e-01,-4.610876113473125315e+00,-1.213190976929490628e+00,1.397947285396910211e-01,3.938777401614216300e-01,7.684316013202796558e-01,-2.070358691253823213e+00
2.937305835424702249e-01,-4.610876113473125315e+00,-1.213060251922608801e+00,1.397947285396910211e-01,3.938780750971690447e-01,7.678458744510818779e-01,-2.070325288844969247e+00
2.937305835424702249e-01,-4.610876113473125315e+00,-1.213190976929490628e+00,1.397947285396910211e-01,3.938777401614216300e-01,7.678458744510818779e-01,-2.070321004815748989e+00
2.937305835424702249e-01,-4.610876183681440033e+00,-1.213190976929490628e+00,1.397947285396910211e-01,3.938780750971690447e-01,7.665804940439070458e-01,-2.068698471200836497e+00
2.944413526083566879e-01,-4.610876113473125315e+00,-1.213190976929490628e+00,1.397947285396910211e-01,3.938780750971690447e-01,7.665804940439070458e-01,-2.067699787621253282e+00
2.944413526083566879e-01,-4.610875968323575158e+00,-1.213190976929490628e+00,1.397947285396910211e-01,3.938780750971690447e-01,7.665804940439070458e-01,-2.067699787617206741e+00
2.944413526083566879e-01,-4.610875968323575158e+00,-1.213190976929490628e+00,1.397947285396910211e-01,3.938787678493248512e-01,7.665804940439070458e-01,-2.067699787528977762e+00
2.933961232844690126e-01,-4.610876183681440033e+00,-1.212999535434172715e+00,1.358007850046606957e-01,3.938777401614216300e-01,7.684316013202796558e-01,-2.078771503312928814e+00
2.933961232844690126e-01,-4.610876113473125315e+00,-1.213190976929490628e+00,1.358007850046606957e-01,3.938777401614216300e-01,7.684316013202796558e-01,-2.078765307982802124e+00
2.944413526083566879e-01,-4.610875968323575158e+00,-1.213190976929490628e+00,1.358007850046606957e-01,3.938780750971690447e-01,7.684316013202796558e-01,-2.078311853055911484e+00
2.944413526083566879e-01,-4.610875968323575158e+00,-1.213190976929490628e+00,1.358007850046606957e-01,3.938777401614216300e-01,7.665804940439070458e-01,-2.073413344175833561e+00
2.944413526083566879e-01,-4.610876113473125315e+00,-1.212999535434172715e+00,1.397947285396910211e-01,3.938777401614216300e-01,7.684316013202796558e-01,-2.070359227582262207e+00
2.944413526083566879e-01,-4.610875968323575158e+00,-1.213060251922608801e+00,1.397947285396910211e-01,3.938780750971690447e-01,7.684316013202796558e-01,-2.070359118541156285e+00
2.944413526083566879e-01,-4.610876113473125315e+00,-1.213190976929490628e+00,1.397947285396910211e-01,3.938777401614216300e-01,7.684316013202796558e-01,-2.070358691253823213e+00
2.937305835424702249e-01,-4.610876113473125315e+00,-1.213060251922608801e+00,1.397947285396910211e-01,3.938780750971690447e-01,7.678458744510818779e-01,-2.070325288844969247e+00
2.937305835424702249e-01,-4.610876113473125315e+00,-1.213190976929490628e+00,1.397947285396910211e-01,3.938777401614216300e-01,7.684316013202796558e-01,-2.070258955394453704e+00
2.944413526083566879e-01,-4.610875968323575158e+00,-1.213060251922608801e+00,1.397947285396910211e-01,3.938780750971690447e-01,7.678458744510818779e-01,-2.070087320493885219e+00
2.933961232844690126e-01,-4.610876183681440033e+00,-1.212999535434172715e+00,1.358007850046606957e-01,3.938777401614216300e-01,7.684316013202796558e-01,-2.078771503312928814e+00
2.933961232844690126e-01,-4.610876113473125315e+00,-1.213190976929490628e+00,1.358007850046606957e-01,3.938777401614216300e-01,7.684316013202796558e-01,-2.078765307982802124e+00
2.944413526083566879e-01,-4.610876113473125315e+00,-1.212999535434172715e+00,1.358007850046606957e-01,3.938777401614216300e-01,7.684316013202796558e-01,-2.078335381673337867e+00
2.944413526083566879e-01,-4.610876183681440033e+00,-1.213190976929490628e+00,1.358007850046606957e-01,3.938777401614216300e-01,7.684316013202796558e-01,-2.078311853114702235e+00
2.944413526083566879e-01,-4.610876183681440033e+00,-1.213190976929490628e+00,1.358007850046606957e-01,3.938780750971690447e-01,7.684316013202796558e-01,-2.078311853062956072e+00
2.944413526083566879e-01,-4.610875968323575158e+00,-1.213190976929490628e+00,1.358007850046606957e-01,3.938780750971690447e-01,7.684316013202796558e-01,-2.078311853055911484e+00
2.933961232844690126e-01,-4.610876183681440033e+00,-1.212999535434172715e+00,1.358007850046606957e-01,3.938780750971690447e-01,7.665804940439070458e-01,-2.075593941979101853e+00
2.944413526083566879e-01,-4.610876183681440033e+00,-1.213190976929490628e+00,1.358007850046606957e-01,3.938777401614216300e-01,7.665804940439070458e-01,-2.073413344180915718e+00
2.944413526083566879e-01,-4.610875968323575158e+00,-1.213190976929490628e+00,1.358007850046606957e-01,3.938777401614216300e-01,7.665804940439070458e-01,-2.073413344175833561e+00
2.944413526083566879e-01,-4.610876113473125315e+00,-1.212999535434172715e+00,1.397947285396910211e-01,3.938777401614216300e-01,7.684316013202796558e-01,-2.070359227582262207e+00
2.933961232844690126e-01,-4.610876183681440033e+00,-1.212999535434172715e+00,1.358007850046606957e-01,3.938777401614216300e-01,7.684316013202796558e-01,-2.078771503312928814e+00
2.933961232844690126e-01,-4.610876113473125315e+00,-1.213190976929490628e+00,1.358007850046606957e-01,3.938777401614216300e-01,7.684316013202796558e-01,-2.078765307982802124e+00
2.933961232844690126e-01,-4.610876183681440033e+00,-1.213190976929490628e+00,1.358007850046606957e-01,3.938780750971690447e-01,7.684316013202796558e-01,-2.078765307927775474e+00
2.944413526083566879e-01,-4.610876183681440033e+00,-1.212999535434172715e+00,1.358007850046606957e-01,3.938777401614216300e-01,7.684316013202796558e-01,-2.078335381675640914e+00
2.944413526083566879e-01,-4.610876113473125315e+00,-1.212999535434172715e+00,1.358007850046606957e-01,3.938777401614216300e-01,7.684316013202796558e-01,-2.078335381673337867e+00
2.944413526083566879e-01,-4.610876113473125315e+00,-1.212999535434172715e+00,1.358007850046606957e-01,3.938780750971690447e-01,7.684316013202796558e-01,-2.078335381621424727e+00
2.944413526083566879e-01,-4.610876183681440033e+00,-1.213190976929490628e+00,1.358007850046606957e-01,3.938777401614216300e-01,7.684316013202796558e-01,-2.078311853114702235e+00
2.944413526083566879e-01,-4.610876183681440033e+00,-1.213190976929490628e+00,1.358007850046606957e-01,3.938777401614216300e-01,7.684316013202796558e-01,-2.078311853114702235e+00
2.944413526083566879e-01,-4.610876113473125315e+00,-1.213190976929490628e+00,1.358007850046606957e-01,3.938777401614216300e-01,7.684316013202796558e-01,-2.078311853112405405e+00
2.944413526083566879e-01,-4.610876183681440033e+00,-1.213190976929490628e+00,1.358007850046606957e-01,3.938780750971690447e-01,7.684316013202796558e-01,-2.078311853062956072e+00
2.933961232844690126e-01,-4.610876183681440033e+00,-1.212999535434172715e+00,1.358007850046606957e-01,3.938777401614216300e-01,7.684316013202796558e-01,-2.078771503312928814e+00
2.933961232844690126e-01,-4.610876183681440033e+00,-1.212999535434172715e+00,1.358007850046606957e-01,3.938777401614216300e-01,7.684316013202796558e-01,-2.078771503312928814e+00
2.933961232844690126e-01,-4.610876113473125315e+00,-1.213190976929490628e+00,1.358007850046606957e-01,3.938777401614216300e-01,7.684316013202796558e-01,-2.078765307982802124e+00
2.933961232844690126e-01,-4.610876183681440033e+00,-1.213190976929490628e+00,1.358007850046606957e-01,3.938780750971690447e-01,7.684316013202796558e-01,-2.078765307927775474e+00
2.944413526083566879e-01,-4.610876183681440033e+00,-1.212999535434172715e+00,1.358007850046606957e-01,3.938777401614216300e-01,7.684316013202796558e-01,-2.078335381675640914e+00
2.944413526083566879e-01,-4.610876183681440033e+00,-1.212999535434172715e+00,1.358007850046606957e-01,3.938777401614216300e-01,7.684316013202796558e-01,-2.078335381675640914e+00
2.944413526083566879e-01,-4.610876113473125315e+00,-1.212999535434172715e+00,1.358007850046606957e-01,3.938777401614216300e-01,7.684316013202796558e-01,-2.078335381673337867e+00
2.944413526083566879e-01,-4.610876183681440033e+00,-1.213190976929490628e+00,1.358007850046606957e-01,3.938777401614216300e-01,7.684316013202796558e-01,-2.078311853114702235e+00
2.944413526083566879e-01,-4.610876183681440033e+00,-1.213190976929490628e+00,1.358007850046606957e-01,3.938777401614216300e-01,7.684316013202796558e-01,-2.078311853114702235e+00
2.944413526083566879e-01,-4.610876113473125315e+00,-1.213190976929490628e+00,1.358007850046606957e-01,3.938777401614216300e-01,7.684316013202796558e-01,-2.078311853112405405e+00
2.927664006357537652e-01,-4.610876319830452097e+00,-1.212886561042159750e+00,1.283181856166479007e-01,3.938770909235221884e-01,7.695178218702805051e-01,-2.094005674600805111e+00
2.933961232844690126e-01,-4.610876183681440033e+00,-1.212999535434172715e+00,1.358007850046606957e-01,3.938777401614216300e-01,7.684316013202796558e-01,-2.078771503312928814e+00
2.933961232844690126e-01,-4.610876183681440033e+00,-1.212999535434172715e+00,1.358007850046606957e-01,3.938777401614216300e-01,7.684316013202796558e-01,-2.078771503312928814e+00
2.933961232844690126e-01,-4.610876183681440033e+00,-1.212999535434172715e+00,1.358007850046606957e-01,3.938777401614216300e-01,7.684316013202796558e-01,-2.078771503312928814e+00
2.933961232844690126e-01,-4.610876113473125315e+00,-1.212999535434172715e+00,1.358007850046606957e-01,3.938777401614216300e-01,7.684316013202796558e-01,-2.078771503310392177e+00
2.933961232844690126e-01,-4.610876113473125315e+00,-1.213190976929490628e+00,1.358007850046606957e-01,3.938777401614216300e-01,7.684316013202796558e-01,-2.078765307982802124e+00
2.933961232844690126e-01,-4.610876183681440033e+00,-1.213190976929490628e+00,1.358007850046606957e-01,3.938780750971690447e-01,7.684316013202796558e-01,-2.078765307927775474e+00
2.933961232844690126e-01,-4.610876183681440033e+00,-1.213190976929490628e+00,1.358007850046606957e-01,3.938780750971690447e-01,7.684316013202796558e-01,-2.078765307927775474e+00
2.944413526083566879e-01,-4.610876183681440033e+00,-1.212999535434172715e+00,1.358007850046606957e-01,3.938777401614216300e-01,7.684316013202796558e-01,-2.078335381675640914e+00
2.944413526083566879e-01,-4.610876183681440033e+00,-1.212999535434172715e+00,1.358007850046606957e-01,3.938777401614216300e-01,7.684316013202796558e-01,-2.078335381675640914e+00
2.924701232155658692e-01,-4.610876385936557575e+00,-1.212834000796129130e+00,1.248140842035359993e-01,3.938767758219680615e-01,7.700214567347304362e-01,-2.100854378043827353e+00
2.927664006357537652e-01,-4.610876319830452097e+00,-1.212886561042159750e+00,1.283181856166479007e-01,3.938770909235221884e-01,7.695178218702805051e-01,-2.094005674600805111e+00
2.933961232844690126e-01,-4.610876319830452097e+00,-1.212886561042159750e+00,1.358007850046606957e-01,3.938770909235221884e-01,7.684316013202796558e-01,-2.078774888879339144e+00
2.933961232844690126e-01,-4.610876319830452097e+00,-1.212886561042159750e+00,1.358007850046606957e-01,3.938777401614216300e-01,7.684316013202796558e-01,-2.078774888767267903e+00
2.933961232844690126e-01,-4.610876113473125315e+00,-1.212999535434172715e+00,1.358007850046606957e-01,3.938770909235221884e-01,7.684316013202796558e-01,-2.078771503422276901e+00
2.933961232844690126e-01,-4.610876113473125315e+00,-1.212999535434172715e+00,1.358007850046606957e-01,3.938770909235221884e-01,7.684316013202796558e-01,-2.078771503422276901e+00
2.933961232844690126e-01,-4.610876183681440033e+00,-1.212999535434172715e+00,1.358007850046606957e-01,3.938777401614216300e-01,7.684316013202796558e-01,-2.078771503312928814e+00
2.933961232844690126e-01,-4.610876183681440033e+00,-1.212999535434172715e+00,1.358007850046606957e-01,3.938777401614216300e-01,7.684316013202796558e-01,-2.078771503312928814e+00
2.933961232844690126e-01,-4.610876183681440033e+00,-1.212999535434172715e+00,1.358007850046606957e-01,3.938777401614216300e-01,7.684316013202796558e-01,-2.078771503312928814e+00
2.933961232844690126e-01,-4.610876113473125315e+00,-1.212999535434172715e+00,1.358007850046606957e-01,3.938777401614216300e-01,7.684316013202796558e-01,-2.078771503310392177e+00
2.924701232155658692e-01,-4.610876385936557575e+00,-1.212834000796129130e+00,1.248140842035359993e-01,3.938767758219680615e-01,7.700214567347304362e-01,-2.100854378043827353e+00
2.933961232844690126e-01,-4.610876385936557575e+00,-1.212999535434172715e+00,1.248140842035359993e-01,3.938767758219680615e-01,7.684316013202796558e-01,-2.096590172786589434e+00
2.927664006357537652e-01,-4.610876319830452097e+00,-1.212886561042159750e+00,1.283181856166479007e-01,3.938770909235221884e-01,7.695178218702805051e-01,-2.094005674600805111e+00
2.933961232844690126e-01,-4.610876319830452097e+00,-1.212886561042159750e+00,1.358007850046606957e-01,3.938770909235221884e-01,7.684316013202796558e-01,-2.078774888879339144e+00
2.933961232844690126e-01,-4.610876113473125315e+00,-1.212886561042159750e+00,1.358007850046606957e-01,3.938770909235221884e-01,7.684316013202796558e-01,-2.078774888871872673e+00
2.933961232844690126e-01,-4.610876385936557575e+00,-1.212886561042159750e+00,1.358007850046606957e-01,3.938777401614216300e-01,7.684316013202796558e-01,-2.078774888769660212e+00
2.933961232844690126e-01,-4.610876319830452097e+00,-1.212886561042159750e+00,1.358007850046606957e-01,3.938777401614216300e-01,7.684316013202796558e-01,-2.078774888767267903e+00
2.933961232844690126e-01,-4.610876113473125315e+00,-1.212886561042159750e+00,1.358007850046606957e-01,3.938777401614216300e-01,7.684316013202796558e-01,-2.078774888759801431e+00
2.933961232844690126e-01,-4.610876113473125315e+00,-1.212999535434172715e+00,1.358007850046606957e-01,3.938770909235221884e-01,7.684316013202796558e-01,-2.078771503422276901e+00
2.933961232844690126e-01,-4.610876113473125315e+00,-1.212999535434172715e+00,1.358007850046606957e-01,3.938777401614216300e-01,7.684316013202796558e-01,-2.078771503310392177e+00
2.924701232155658692e-01,-4.610876385936557575e+00,-1.212834000796129130e+00,1.248140842035359993e-01,3.938767758219680615e-01,7.700214567347304362e-01,-2.100854378043827353e+00
2.933961232844690126e-01,-4.610876385936557575e+00,-1.212886561042159750e+00,1.248140842035359993e-01,3.938770909235221884e-01,7.695178218702805051e-01,-2.099698022102819639e+00
2.933961232844690126e-01,-4.610876385936557575e+00,-1.212834000796129130e+00,1.248140842035359993e-01,3.938770909235221884e-01,7.684316013202796558e-01,-2.096652155338863732e+00
2.933961232844690126e-01,-4.610876385936557575e+00,-1.212999535434172715e+00,1.248140842035359993e-01,3.938767758219680615e-01,7.684316013202796558e-01,-2.096590172786589434e+00
2.933961232844690126e-01,-4.610876113473125315e+00,-1.212834000796129130e+00,1.283181856166479007e-01,3.938767758219680615e-01,7.700214567347304362e-01,-2.094032274063055699e+00
2.927664006357537652e-01,-4.610876319830452097e+00,-1.212886561042159750e+00,1.283181856166479007e-01,3.938770909235221884e-01,7.695178218702805051e-01,-2.094005674600805111e+00
2.933961232844690126e-01,-4.610876319830452097e+00,-1.212886561042159750e+00,1.358007850046606957e-01,3.938770909235221884e-01,7.684316013202796558e-01,-2.078774888879339144e+00
2.933961232844690126e-01,-4.610876113473125315e+00,-1.212886561042159750e+00,1.358007850046606957e-01,3.938770909235221884e-01,7.684316013202796558e-01,-2.078774888871872673e+00
2.933961232844690126e-01,-4.610876113473125315e+00,-1.212886561042159750e+00,1.358007850046606957e-01,3.938770909235221884e-01,7.700214567347304362e-01,-2.077304135345366287e+00
2.933961232844690126e-01,-4.610876319830452097e+00,-1.212834000796129130e+00,1.358007850046606957e-01,3.938770909235221884e-01,7.700214567347304362e-01,-2.077292755825209447e+00
2.924701232155658692e-01,-4.610876385936557575e+00,-1.212834000796129130e+00,1.248140842035359993e-01,3.938767758219680615e-01,7.700214567347304362e-01,-2.100854378043827353e+00
2.924701232155658692e-01,-4.610876385936557575e+00,-1.212886561042159750e+00,1.248140842035359993e-01,3.938770909235221884e-01,7.695178218702805051e-01,-2.100505751153618927e+00
2.933961232844690126e-01,-4.610876385936557575e+00,-1.212834000796129130e+00,1.248140842035359993e-01,3.938767758219680615e-01,7.700214567347304362e-01,-2.100483338488004836e+00
2.933961232844690126e-01,-4.610876385936557575e+00,-1.212834000796129130e+00,1.248140842035359993e-01,3.938767758219680615e-01,7.700214567347304362e-01,-2.100483338488004836e+00
2.933961232844690126e-01,-4.610876113473125315e+00,-1.212834000796129130e+00,1.248140842035359993e-01,3.938770909235221884e-01,7.700214567347304362e-01,-2.100483338430302993e+00
2.933961232844690126e-01,-4.610876385936557575e+00,-1.212834000796129130e+00,1.248140842035359993e-01,3.938767758219680615e-01,7.695178218702805051e-01,-2.099708411082163995e+00
2.933961232844690126e-01,-4.610876385936557575e+00,-1.212886561042159750e+00,1.248140842035359993e-01,3.938770909235221884e-01,7.695178218702805051e-01,-2.099698022102819639e+00
2.933961232844690126e-01,-4.610876385936557575e+00,-1.212834000796129130e+00,1.248140842035359993e-01,3.938770909235221884e-01,7.684316013202796558e-01,-2.096652155338863732e+00
2.933961232844690126e-01,-4.610876385936557575e+00,-1.212999535434172715e+00,1.248140842035359993e-01,3.938767758219680615e-01,7.684316013202796558e-01,-2.096590172786589434e+00
2.933961232844690126e-01,-4.610876113473125315e+00,-1.212834000796129130e+00,1.283181856166479007e-01,3.938767758219680615e-01,7.700214567347304362e-01,-2.094032274063055699e+00
2.926166990150142477e-01,-4.610876511779394171e+00,-1.212696559448576128e+00,1.183147902954809205e-01,3.938761755214713056e-01,7.713482621522393945e-01,-2.113034826597611993e+00
2.924701232155658692e-01,-4.610876385936557575e+00,-1.212834000796129130e+00,1.248140842035359993e-01,3.938767758219680615e-01,7.700214567347304362e-01,-2.100854378043827353e+00
2.924701232155658692e-01,-4.610876385936557575e+00,-1.212834000796129130e+00,1.248140842035359993e-01,3.938767758219680615e-01,7.700214567347304362e-01,-2.100854378043827353e+00
2.924701232155658692e-01,-4.610876385936557575e+00,-1.212834000796129130e+00,1.248140842035359993e-01,3.938767758219680615e-01,7.700214567347304362e-01,-2.100854378043827353e+00
2.924701232155658692e-01,-4.610876385936557575e+00,-1.212834000796129130e+00,1.248140842035359993e-01,3.938767758219680615e-01,7.700214567347304362e-01,-2.100854378043827353e+00
2.924701232155658692e-01,-4.610876113473125315e+00,-1.212834000796129130e+00,1.248140842035359993e-01,3.938770909235221884e-01,7.700214567347304362e-01,-2.100854377980237775e+00
2.924701232155658692e-01,-4.610876385936557575e+00,-1.212834000796129130e+00,1.248140842035359993e-01,3.938770909235221884e-01,7.695178218702805051e-01,-2.100511576034430394e+00
2.924701232155658692e-01,-4.610876385936557575e+00,-1.212886561042159750e+00,1.248140842035359993e-01,3.938770909235221884e-01,7.695178218702805051e-01,-2.100505751153618927e+00
2.933961232844690126e-01,-4.610876385936557575e+00,-1.212834000796129130e+00,1.248140842035359993e-01,3.938767758219680615e-01,7.700214567347304362e-01,-2.100483338488004836e+00
2.933961232844690126e-01,-4.610876113473125315e+00,-1.212834000796129130e+00,1.248140842035359993e-01,3.938770909235221884e-01,7.700214567347304362e-01,-2.100483338430302993e+00
2.913978044222406694e-01,-4.610876638902678515e+00,-1.212646829938856419e+00,1.122168235486525056e-01,3.938755708177816284e-01,7.718049767610336565e-01,-2.123794574662083878e+00
2.926166990150142477e-01,-4.610876511779394171e+00,-1.212696559448576128e+00,1.183147902954809205e-01,3.938761755214713056e-01,7.713482621522393945e-01,-2.113034826597611993e+00
2.924701232155658692e-01,-4.610876385936557575e+00,-1.212696559448576128e+00,1.248140842035359993e-01,3.938767758219680615e-01,7.700214567347304362e-01,-2.100858087558480136e+00
2.924701232155658692e-01,-4.610876385936557575e+00,-1.212834000796129130e+00,1.248140842035359993e-01,3.938761755214713056e-01,7.700214567347304362e-01,-2.100854378146366219e+00
2.924701232155658692e-01,-4.610876385936557575e+00,-1.212834000796129130e+00,1.248140842035359993e-01,3.938767758219680615e-01,7.700214567347304362e-01,-2.100854378043827353e+00
2.924701232155658692e-01,-4.610876385936557575e+00,-1.212834000796129130e+00,1.248140842035359993e-01,3.938767758219680615e-01,7.700214567347304362e-01,-2.100854378043827353e+00
2.924701232155658692e-01,-4.610876385936557575e+00,-1.212834000796129130e+00,1.248140842035359993e-01,3.938767758219680615e-01,7.700214567347304362e-01,-2.100854378043827353e+00
2.924701232155658692e-01,-4.610876385936557575e+00,-1.212834000796129130e+00,1.248140842035359993e-01,3.938767758219680615e-01,7.700214567347304362e-01,-2.100854378043827353e+00
2.926166990150142477e-01,-4.610876511779394171e+00,-1.212834000796129130e+00,1.248140842035359993e-01,3.938767758219680615e-01,7.700214567347304362e-01,-2.100825824359722205e+00
2.926166990150142477e-01,-4.610876385936557575e+00,-1.212834000796129130e+00,1.248140842035359993e-01,3.938767758219680615e-01,7.700214567347304362e-01,-2.100825824355272875e+00
2.913978044222406694e-01,-4.610876638902678515e+00,-1.212646829938856419e+00,1.122168235486525056e-01,3.938755708177816284e-01,7.718049767610336565e-01,-2.123794574662083878e+00
2.926166990150142477e-01,-4.610876511779394171e+00,-1.212696559448576128e+00,1.183147902954809205e-01,3.938761755214713056e-01,7.713482621522393945e-01,-2.113034826597611993e+00
2.924701232155658692e-01,-4.610876511779394171e+00,-1.212834000796129130e+00,1.183147902954809205e-01,3.938761755214713056e-01,7.718049767610336565e-01,-2.112941403021765030e+00
2.924701232155658692e-01,-4.610876385936557575e+00,-1.212646829938856419e+00,1.183147902954809205e-01,3.938761755214713056e-01,7.718049767610336565e-01,-2.112929442900970844e+00
2.924701232155658692e-01,-4.610876385936557575e+00,-1.212696559448576128e+00,1.248140842035359993e-01,3.938767758219680615e-01,7.700214567347304362e-01,-2.100858087558480136e+00
2.924701232155658692e-01,-4.610876385936557575e+00,-1.212834000796129130e+00,1.248140842035359993e-01,3.938761755214713056e-01,7.700214567347304362e-01,-2.100854378146366219e+00
2.924701232155658692e-01,-4.610876385936557575e+00,-1.212834000796129130e+00,1.248140842035359993e-01,3.938767758219680615e-01,7.700214567347304362e-01,-2.100854378043827353e+00
2.924701232155658692e-01,-4.610876385936557575e+00,-1.212834000796129130e+00,1.248140842035359993e-01,3.938767758219680615e-01,7.700214567347304362e-01,-2.100854378043827353e+00
2.926166990150142477e-01,-4.610876638902678515e+00,-1.212696559448576128e+00,1.248140842035359993e-01,3.938761755214713056e-01,7.700214567347304362e-01,-2.100831421670953603e+00
2.913978044222406694e-01,-4.610876385936557575e+00,-1.212696559448576128e+00,1.248140842035359993e-01,3.938755708177816284e-01,7.700214567347304362e-01,-2.100708128852016188e+00
2.913978044222406694e-01,-4.610876638902678515e+00,-1.212646829938856419e+00,1.122168235486525056e-01,3.938755708177816284e-01,7.718049767610336565e-01,-2.123794574662083878e+00
2.924701232155658692e-01,-4.610876511779394171e+00,-1.212696559448576128e+00,1.122168235486525056e-01,3.938761755214713056e-01,7.700214567347304362e-01,-2.118256475766225222e+00
2.924701232155658692e-01,-4.610876638902678515e+00,-1.212696559448576128e+00,1.183147902954809205e-01,3.938767758219680615e-01,7.713482621522393945e-01,-2.113050559536371775e+00
2.926166990150142477e-01,-4.610876511779394171e+00,-1.212696559448576128e+00,1.183147902954809205e-01,3.938761755214713056e-01,7.713482621522393945e-01,-2.113034826597611993e+00
2.924701232155658692e-01,-4.610876511779394171e+00,-1.212834000796129130e+00,1.183147902954809205e-01,3.938761755214713056e-01,7.718049767610336565e-01,-2.112941403021765030e+00
2.924701232155658692e-01,-4.610876511779394171e+00,-1.212696559448576128e+00,1.183147902954809205e-01,3.938761755214713056e-01,7.718049767610336565e-01,-2.112932678991156443e+00
2.924701232155658692e-01,-4.610876511779394171e+00,-1.212646829938856419e+00,1.183147902954809205e-01,3.938761755214713056e-01,7.718049767610336565e-01,-2.112929442905715938e+00
2.924701232155658692e-01,-4.610876385936557575e+00,-1.212646829938856419e+00,1.183147902954809205e-01,3.938761755214713056e-01,7.718049767610336565e-01,-2.112929442900970844e+00
2.924701232155658692e-01,-4.610876511779394171e+00,-1.212646829938856419e+00,1.183147902954809205e-01,3.938755708177816284e-01,7.700214567347304362e-01,-2.111448588586860353e+00
2.924701232155658692e-01,-4.610876385936557575e+00,-1.212696559448576128e+00,1.248140842035359993e-01,3.938767758219680615e-01,7.700214567347304362e-01,-2.100858087558480136e+00
2.913978044222406694e-01,-4.610876638902678515e+00,-1.212646829938856419e+00,1.122168235486525056e-01,3.938755708177816284e-01,7.718049767610336565e-01,-2.123794574662083878e+00
2.924701232155658692e-01,-4.610876511779394171e+00,-1.212696559448576128e+00,1.122168235486525056e-01,3.938761755214713056e-01,7.700214567347304362e-01,-2.118256475766225222e+00
2.926166990150142477e-01,-4.610876511779394171e+00,-1.212646829938856419e+00,1.122168235486525056e-01,3.938761755214713056e-01,7.700214567347304362e-01,-2.117896595190867703e+00
2.924701232155658692e-01,-4.610876511779394171e+00,-1.212646829938856419e+00,1.183147902954809205e-01,3.938761755214713056e-01,7.713482621522393945e-01,-2.113051142675961280e+00
2.924701232155658692e-01,-4.610876638902678515e+00,-1.212696559448576128e+00,1.183147902954809205e-01,3.938761755214713056e-01,7.713482621522393945e-01,-2.113050559638573134e+00
2.924701232155658692e-01,-4.610876638902678515e+00,-1.212696559448576128e+00,1.183147902954809205e-01,3.938767758219680615e-01,7.713482621522393945e-01,-2.113050559536371775e+00
2.926166990150142477e-01,-4.610876511779394171e+00,-1.212696559448576128e+00,1.183147902954809205e-01,3.938761755214713056e-01,7.713482621522393945e-01,-2.113034826597611993e+00
2.924701232155658692e-01,-4.610876511779394171e+00,-1.212834000796129130e+00,1.183147902954809205e-01,3.938761755214713056e-01,7.718049767610336565e-01,-2.112941403021765030e+00
2.913978044222406694e-01,-4.610876638902678515e+00,-1.212696559448576128e+00,1.183147902954809205e-01,3.938767758219680615e-01,7.718049767610336565e-01,-2.112218365424515909e+00
2.926166990150142477e-01,-4.610876511779394171e+00,-1.212696559448576128e+00,1.183147902954809205e-01,3.938761755214713056e-01,7.700214567347304362e-01,-2.111233236259000279e+00
2.913978044222406694e-01,-4.610876638902678515e+00,-1.212646829938856419e+00,1.122168235486525056e-01,3.938755708177816284e-01,7.718049767610336565e-01,-2.123794574662083878e+00
2.913978044222406694e-01,-4.610876638902678515e+00,-1.212646829938856419e+00,1.122168235486525056e-01,3.938761755214713056e-01,7.718049767610336565e-01,-2.123794574560478488e+00
2.924701232155658692e-01,-4.610876511779394171e+00,-1.212646829938856419e+00,1.122168235486525056e-01,3.938755708177816284e-01,7.718049767610336565e-01,-2.123305927187600251e+00
2.924701232155658692e-01,-4.610876638902678515e+00,-1.212646829938856419e+00,1.122168235486525056e-01,3.938761755214713056e-01,7.718049767610336565e-01,-2.123305927101728496e+00
2.924701232155658692e-01,-4.610876511779394171e+00,-1.212646829938856419e+00,1.122168235486525056e-01,3.938761755214713056e-01,7.713482621522393945e-01,-2.122528414493359161e+00
2.924701232155658692e-01,-4.610876511779394171e+00,-1.212696559448576128e+00,1.122168235486525056e-01,3.938761755214713056e-01,7.700214567347304362e-01,-2.118256475766225222e+00
2.926166990150142477e-01,-4.610876511779394171e+00,-1.212646829938856419e+00,1.122168235486525056e-01,3.938761755214713056e-01,7.700214567347304362e-01,-2.117896595190867703e+00
2.924701232155658692e-01,-4.610876511779394171e+00,-1.212646829938856419e+00,1.183147902954809205e-01,3.938761755214713056e-01,7.713482621522393945e-01,-2.113051142675961280e+00
2.924701232155658692e-01,-4.610876511779394171e+00,-1.212696559448576128e+00,1.183147902954809205e-01,3.938755708177816284e-01,7.713482621522393945e-01,-2.113050559736996625e+00
2.924701232155658692e-01,-4.610876638902678515e+00,-1.212696559448576128e+00,1.183147902954809205e-01,3.938761755214713056e-01,7.713482621522393945e-01,-2.113050559638573134e+00
2.913978044222406694e-01,-4.610876638902678515e+00,-1.212646829938856419e+00,1.122168235486525056e-01,3.938755708177816284e-01,7.718049767610336565e-01,-2.123794574662083878e+00
2.913978044222406694e-01,-4.610876638902678515e+00,-1.212646829938856419e+00,1.122168235486525056e-01,3.938761755214713056e-01,7.718049767610336565e-01,-2.123794574560478488e+00
2.913978044222406694e-01,-4.610876638902678515e+00,-1.212646829938856419e+00,1.122168235486525056e-01,3.938761755214713056e-01,7.718049767610336565e-01,-2.123794574560478488e+00
2.924701232155658692e-01,-4.610876638902678515e+00,-1.212646829938856419e+00,1.122168235486525056e-01,3.938755708177816284e-01,7.718049767610336565e-01,-2.123305927191613041e+00
2.924701232155658692e-01,-4.610876638902678515e+00,-1.212646829938856419e+00,1.122168235486525056e-01,3.938755708177816284e-01,7.718049767610336565e-01,-2.123305927191613041e+00
2.924701232155658692e-01,-4.610876511779394171e+00,-1.212646829938856419e+00,1.122168235486525056e-01,3.938755708177816284e-01,7.718049767610336565e-01,-2.123305927187600251e+00
2.924701232155658692e-01,-4.610876511779394171e+00,-1.212646829938856419e+00,1.122168235486525056e-01,3.938755708177816284e-01,7.718049767610336565e-01,-2.123305927187600251e+00
2.924701232155658692e-01,-4.610876511779394171e+00,-1.212646829938856419e+00,1.122168235486525056e-01,3.938755708177816284e-01,7.718049767610336565e-01,-2.123305927187600251e+00
2.924701232155658692e-01,-4.610876638902678515e+00,-1.212646829938856419e+00,1.122168235486525056e-01,3.938761755214713056e-01,7.718049767610336565e-01,-2.123305927101728496e+00
2.924701232155658692e-01,-4.610876511779394171e+00,-1.212646829938856419e+00,1.122168235486525056e-01,3.938761755214713056e-01,7.713482621522393945e-01,-2.122528414493359161e+00
2.909231627991515912e-01,-4.610876759360968080e+00,-1.212565465312679391e+00,1.066831277464968114e-01,3.938756021474252300e-01,7.725747997227014885e-01,-2.132960151076653155e+00
2.917270235634312758e-01,-4.610876756239729701e+00,-1.212518925825757155e+00,1.067649058708672050e-01,3.938750115991901390e-01,7.730340576514219686e-01,-2.132831567436621611e+00
2.913978044222406694e-01,-4.610876638902678515e+00,-1.212646829938856419e+00,1.122168235486525056e-01,3.938755708177816284e-01,7.718049767610336565e-01,-2.123794574662083878e+00
2.913978044222406694e-01,-4.610876638902678515e+00,-1.212646829938856419e+00,1.122168235486525056e-01,3.938755708177816284e-01,7.718049767610336565e-01,-2.123794574662083878e+00
2.913978044222406694e-01,-4.610876638902678515e+00,-1.212646829938856419e+00,1.122168235486525056e-01,3.938755708177816284e-01,7.718049767610336565e-01,-2.123794574662083878e+00
2.913978044222406694e-01,-4.610876638902678515e+00,-1.212646829938856419e+00,1.122168235486525056e-01,3.938761755214713056e-01,7.718049767610336565e-01,-2.123794574560478488e+00
2.924701232155658692e-01,-4.610876638902678515e+00,-1.212646829938856419e+00,1.122168235486525056e-01,3.938755708177816284e-01,7.718049767610336565e-01,-2.123305927191613041e+00
2.924701232155658692e-01,-4.610876638902678515e+00,-1.212646829938856419e+00,1.122168235486525056e-01,3.938755708177816284e-01,7.718049767610336565e-01,-2.123305927191613041e+00
2.924701232155658692e-01,-4.610876638902678515e+00,-1.212646829938856419e+00,1.122168235486525056e-01,3.938755708177816284e-01,7.718049767610336565e-01,-2.123305927191613041e+00
2.924701232155658692e-01,-4.610876638902678515e+00,-1.212646829938856419e+00,1.122168235486525056e-01,3.938761755214713056e-01,7.718049767610336565e-01,-2.123305927101728496e+00
2.906997925360148005e-01,-4.610876818267209742e+00,-1.212527479969139899e+00,1.040879910389859164e-01,3.938747171513889977e-01,7.729328947981063402e-01,-2.137050995261337683e+00
2.909231627991515912e-01,-4.610876759360968080e+00,-1.212565465312679391e+00,1.066831277464968114e-01,3.938756021474252300e-01,7.725747997227014885e-01,-2.132960151076653155e+00
2.913978044222406694e-01,-4.610876756239729701e+00,-1.212646829938856419e+00,1.067649058708672050e-01,3.938750115991901390e-01,7.730340576514219686e-01,-2.132842921900925948e+00
2.917270235634312758e-01,-4.610876756239729701e+00,-1.212518925825757155e+00,1.067649058708672050e-01,3.938750115991901390e-01,7.730340576514219686e-01,-2.132831567436621611e+00
2.913978044222406694e-01,-4.610876756239729701e+00,-1.212518925825757155e+00,1.066831277464968114e-01,3.938756021474252300e-01,7.718049767610336565e-01,-2.131776809925549188e+00
2.913978044222406694e-01,-4.610876638902678515e+00,-1.212565465312679391e+00,1.122168235486525056e-01,3.938755708177816284e-01,7.718049767610336565e-01,-2.123796519680682948e+00
2.913978044222406694e-01,-4.610876638902678515e+00,-1.212646829938856419e+00,1.122168235486525056e-01,3.938755708177816284e-01,7.718049767610336565e-01,-2.123794574662083878e+00
2.913978044222406694e-01,-4.610876638902678515e+00,-1.212646829938856419e+00,1.122168235486525056e-01,3.938755708177816284e-01,7.718049767610336565e-01,-2.123794574662083878e+00
2.909231627991515912e-01,-4.610876638902678515e+00,-1.212646829938856419e+00,1.122168235486525056e-01,3.938755708177816284e-01,7.718049767610336565e-01,-2.123794316035828800e+00
2.917270235634312758e-01,-4.610876638902678515e+00,-1.212518925825757155e+00,1.122168235486525056e-01,3.938756021474252300e-01,7.725747997227014885e-01,-2.123645092371376997e+00
2.906997925360148005e-01,-4.610876818267209742e+00,-1.212527479969139899e+00,1.040879910389859164e-01,3.938747171513889977e-01,7.729328947981063402e-01,-2.137050995261337683e+00
2.906997925360148005e-01,-4.610876756239729701e+00,-1.212646829938856419e+00,1.040879910389859164e-01,3.938747171513889977e-01,7.729328947981063402e-01,-2.137048221981707741e+00
2.909231627991515912e-01,-4.610876759360968080e+00,-1.212518925825757155e+00,1.066831277464968114e-01,3.938756021474252300e-01,7.725747997227014885e-01,-2.132961199928759211e+00
2.909231627991515912e-01,-4.610876759360968080e+00,-1.212565465312679391e+00,1.066831277464968114e-01,3.938756021474252300e-01,7.725747997227014885e-01,-2.132960151076653155e+00
2.917270235634312758e-01,-4.610876756239729701e+00,-1.212646829938856419e+00,1.066831277464968114e-01,3.938747171513889977e-01,7.730340576514219686e-01,-2.132955483864502622e+00
2.909231627991515912e-01,-4.610876759360968080e+00,-1.212646829938856419e+00,1.066831277464968114e-01,3.938750115991901390e-01,7.729328947981063402e-01,-2.132933436691747620e+00
2.913978044222406694e-01,-4.610876756239729701e+00,-1.212646829938856419e+00,1.067649058708672050e-01,3.938750115991901390e-01,7.730340576514219686e-01,-2.132842921900925948e+00
2.917270235634312758e-01,-4.610876756239729701e+00,-1.212518925825757155e+00,1.067649058708672050e-01,3.938750115991901390e-01,7.730340576514219686e-01,-2.132831567436621611e+00
2.906997925360148005e-01,-4.610876756239729701e+00,-1.212527479969139899e+00,1.067649058708672050e-01,3.938750115991901390e-01,7.718049767610336565e-01,-2.132363725861065706e+00
2.913978044222406694e-01,-4.610876756239729701e+00,-1.212518925825757155e+00,1.066831277464968114e-01,3.938756021474252300e-01,7.718049767610336565e-01,-2.131776809925549188e+00
2.906997925360148005e-01,-4.610876759360968080e+00,-1.212518925825757155e+00,1.040879910389859164e-01,3.938747171513889977e-01,7.729328947981063402e-01,-2.137051184076804500e+00
2.906997925360148005e-01,-4.610876818267209742e+00,-1.212527479969139899e+00,1.040879910389859164e-01,3.938747171513889977e-01,7.729328947981063402e-01,-2.137050995261337683e+00
2.906997925360148005e-01,-4.610876756239729701e+00,-1.212646829938856419e+00,1.040879910389859164e-01,3.938747171513889977e-01,7.729328947981063402e-01,-2.137048221981707741e+00
2.917270235634312758e-01,-4.610876759360968080e+00,-1.212565465312679391e+00,1.040879910389859164e-01,3.938756021474252300e-01,7.729328947981063402e-01,-2.136582777456664139e+00
2.909231627991515912e-01,-4.610876759360968080e+00,-1.212518925825757155e+00,1.066831277464968114e-01,3.938756021474252300e-01,7.725747997227014885e-01,-2.132961199928759211e+00
2.909231627991515912e-01,-4.610876759360968080e+00,-1.212565465312679391e+00,1.066831277464968114e-01,3.938756021474252300e-01,7.725747997227014885e-01,-2.132960151076653155e+00
2.917270235634312758e-01,-4.610876756239729701e+00,-1.212646829938856419e+00,1.066831277464968114e-01,3.938747171513889977e-01,7.730340576514219686e-01,-2.132955483864502622e+00
2.909231627991515912e-01,-4.610876759360968080e+00,-1.212646829938856419e+00,1.066831277464968114e-01,3.938756021474252300e-01,7.729328947981063402e-01,-2.132933436588131837e+00
2.906997925360148005e-01,-4.610876759360968080e+00,-1.212646829938856419e+00,1.066831277464968114e-01,3.938756021474252300e-01,7.729328947981063402e-01,-2.132867009296219418e+00
2.906997925360148005e-01,-4.610876818267209742e+00,-1.212527479969139899e+00,1.066831277464968114e-01,3.938747171513889977e-01,7.729328947981063402e-01,-2.132859478022534283e+00
2.906997925360148005e-01,-4.610876759360968080e+00,-1.212518925825757155e+00,1.040879910389859164e-01,3.938747171513889977e-01,7.729328947981063402e-01,-2.137051184076804500e+00
2.906997925360148005e-01,-4.610876818267209742e+00,-1.212518925825757155e+00,1.040879910389859164e-01,3.938756021474252300e-01,7.729328947981063402e-01,-2.137051183932304088e+00
2.906997925360148005e-01,-4.610876818267209742e+00,-1.212527479969139899e+00,1.040879910389859164e-01,3.938747171513889977e-01,7.729328947981063402e-01,-2.137050995261337683e+00
2.906997925360148005e-01,-4.610876759360968080e+00,-1.212527479969139899e+00,1.040879910389859164e-01,3.938756021474252300e-01,7.729328947981063402e-01,-2.137050995112756979e+00
2.906997925360148005e-01,-4.610876759360968080e+00,-1.212565465312679391e+00,1.040879910389859164e-01,3.938747171513889977e-01,7.729328947981063402e-01,-2.137050140722021929e+00
2.906997925360148005e-01,-4.610876756239729701e+00,-1.212646829938856419e+00,1.040879910389859164e-01,3.938747171513889977e-01,7.729328947981063402e-01,-2.137048221981707741e+00
2.909231627991515912e-01,-4.610876756239729701e+00,-1.212518925825757155e+00,1.040879910389859164e-01,3.938756021474252300e-01,7.729328947981063402e-01,-2.137007298345935169e+00
2.909231627991515912e-01,-4.610876818267209742e+00,-1.212527479969139899e+00,1.040879910389859164e-01,3.938756021474252300e-01,7.729328947981063402e-01,-2.137006904859367840e+00
2.917270235634312758e-01,-4.610876759360968080e+00,-1.212565465312679391e+00,1.040879910389859164e-01,3.938756021474252300e-01,7.729328947981063402e-01,-2.136582777456664139e+00
2.909231627991515912e-01,-4.610876759360968080e+00,-1.212518925825757155e+00,1.066831277464968114e-01,3.938756021474252300e-01,7.725747997227014885e-01,-2.132961199928759211e+00
2.906997925360148005e-01,-4.610876759360968080e+00,-1.212518925825757155e+00,1.040879910389859164e-01,3.938747171513889977e-01,7.729328947981063402e-01,-2.137051184076804500e+00
2.906997925360148005e-01,-4.610876818267209742e+00,-1.212518925825757155e+00,1.040879910389859164e-01,3.938756021474252300e-01,7.729328947981063402e-01,-2.137051183932304088e+00
2.906997925360148005e-01,-4.610876759360968080e+00,-1.212518925825757155e+00,1.040879910389859164e-01,3.938756021474252300e-01,7.729328947981063402e-01,-2.137051183930253728e+00
2.906997925360148005e-01,-4.610876818267209742e+00,-1.212527479969139899e+00,1.040879910389859164e-01,3.938747171513889977e-01,7.729328947981063402e-01,-2.137050995261337683e+00
2.906997925360148005e-01,-4.610876818267209742e+00,-1.212527479969139899e+00,1.040879910389859164e-01,3.938747171513889977e-01,7.729328947981063402e-01,-2.137050995261337683e+00
2.906997925360148005e-01,-4.610876818267209742e+00,-1.212527479969139899e+00,1.040879910389859164e-01,3.938756021474252300e-01,7.729328947981063402e-01,-2.137050995114807339e+00
2.906997925360148005e-01,-4.610876759360968080e+00,-1.212527479969139899e+00,1.040879910389859164e-01,3.938756021474252300e-01,7.729328947981063402e-01,-2.137050995112756979e+00
2.906997925360148005e-01,-4.610876818267209742e+00,-1.212565465312679391e+00,1.040879910389859164e-01,3.938747171513889977e-01,7.729328947981063402e-01,-2.137050140724071401e+00
2.906997925360148005e-01,-4.610876818267209742e+00,-1.212565465312679391e+00,1.040879910389859164e-01,3.938747171513889977e-01,7.729328947981063402e-01,-2.137050140724071401e+00
2.906997925360148005e-01,-4.610876759360968080e+00,-1.212565465312679391e+00,1.040879910389859164e-01,3.938747171513889977e-01,7.729328947981063402e-01,-2.137050140722021929e+00
2.902790830419852419e-01,-4.610876933664444621e+00,-1.212456457199794446e+00,9.921626960412099905e-02,3.938741682412529310e-01,7.735999967571979274e-01,-2.144356026315138219e+00
2.906997925360148005e-01,-4.610876818267209742e+00,-1.212518925825757155e+00,1.040879910389859164e-01,3.938747171513889977e-01,7.729328947981063402e-01,-2.137051184078854860e+00
2.906997925360148005e-01,-4.610876759360968080e+00,-1.212518925825757155e+00,1.040879910389859164e-01,3.938747171513889977e-01,7.729328947981063402e-01,-2.137051184076804500e+00
2.906997925360148005e-01,-4.610876759360968080e+00,-1.212518925825757155e+00,1.040879910389859164e-01,3.938747171513889977e-01,7.729328947981063402e-01,-2.137051184076804500e+00
2.906997925360148005e-01,-4.610876818267209742e+00,-1.212518925825757155e+00,1.040879910389859164e-01,3.938756021474252300e-01,7.729328947981063402e-01,-2.137051183932304088e+00
2.906997925360148005e-01,-4.610876818267209742e+00,-1.212518925825757155e+00,1.040879910389859164e-01,3.938756021474252300e-01,7.729328947981063402e-01,-2.137051183932304088e+00
2.906997925360148005e-01,-4.610876759360968080e+00,-1.212518925825757155e+00,1.040879910389859164e-01,3.938756021474252300e-01,7.729328947981063402e-01,-2.137051183930253728e+00
2.906997925360148005e-01,-4.610876818267209742e+00,-1.212527479969139899e+00,1.040879910389859164e-01,3.938747171513889977e-01,7.729328947981063402e-01,-2.137050995261337683e+00
2.906997925360148005e-01,-4.610876759360968080e+00,-1.212527479969139899e+00,1.040879910389859164e-01,3.938747171513889977e-01,7.729328947981063402e-01,-2.137050995259287767e+00
2.906997925360148005e-01,-4.610876759360968080e+00,-1.212527479969139899e+00,1.040879910389859164e-01,3.938747171513889977e-01,7.729328947981063402e-01,-2.137050995259287767e+00
2.902794569720570372e-01,-4.610876874759101796e+00,-1.212447966787738585e+00,9.921616106688102565e-02,3.938741682350859752e-01,7.735993750489271736e-01,-2.144356184925796160e+00
2.902790830419852419e-01,-4.610876933664444621e+00,-1.212456457199794446e+00,9.921626960412099905e-02,3.938741682412529310e-01,7.735999967571979274e-01,-2.144356026315138219e+00
2.906997925360148005e-01,-4.610876818267209742e+00,-1.212456457199794446e+00,9.921626960412099905e-02,3.938756021474252300e-01,7.729328947981063402e-01,-2.143418635707080799e+00
2.906997925360148005e-01,-4.610876818267209742e+00,-1.212518925825757155e+00,9.921626960412099905e-02,3.938747171513889977e-01,7.729328947981063402e-01,-2.143406884978625193e+00
2.906997925360148005e-01,-4.610876933664444621e+00,-1.212456457199794446e+00,1.040879910389859164e-01,3.938747171513889977e-01,7.729328947981063402e-01,-2.137052522615364936e+00
2.906997925360148005e-01,-4.610876818267209742e+00,-1.212518925825757155e+00,1.040879910389859164e-01,3.938747171513889977e-01,7.729328947981063402e-01,-2.137051184078854860e+00
2.906997925360148005e-01,-4.610876818267209742e+00,-1.212518925825757155e+00,1.040879910389859164e-01,3.938747171513889977e-01,7.729328947981063402e-01,-2.137051184078854860e+00
2.906997925360148005e-01,-4.610876759360968080e+00,-1.212518925825757155e+00,1.040879910389859164e-01,3.938747171513889977e-01,7.729328947981063402e-01,-2.137051184076804500e+00
2.906997925360148005e-01,-4.610876759360968080e+00,-1.212518925825757155e+00,1.040879910389859164e-01,3.938747171513889977e-01,7.729328947981063402e-01,-2.137051184076804500e+00
2.906997925360148005e-01,-4.610876818267209742e+00,-1.212518925825757155e+00,1.040879910389859164e-01,3.938756021474252300e-01,7.729328947981063402e-01,-2.137051183932304088e+00
